,SRS011061,SRS011134,SRS012902,SRS054956
Bacteroides_cellulosilyticus_DSM_14838_2obut,99.345048,3.0321884,0.0,0.0
Bacteroides_cellulosilyticus_DSM_14838_ac,99.345048,3.0321884,0.0,0.0
Bacteroides_cellulosilyticus_DSM_14838_acgal,17.0,3.0321884,0.0,0.0
Bacteroides_cellulosilyticus_DSM_14838_acgalglcur,5.0,3.0321884,0.0,0.0
Bacteroides_cellulosilyticus_DSM_14838_acgalidour2s,1.0,1.0,0.0,0.0
Bacteroides_cellulosilyticus_DSM_14838_acgalidour,1.0,1.0,0.0,0.0
Bacteroides_cellulosilyticus_DSM_14838_acgam,63.11205788055142,3.0321884,0.0,0.0
Bacteroides_cellulosilyticus_DSM_14838_adn,62.252292609954694,3.0321884,0.0,0.0
Bacteroides_cellulosilyticus_DSM_14838_ala_L,88.50616657353332,3.0321884,0.0,0.0
Bacteroides_cellulosilyticus_DSM_14838_arab_L,1.0,1.0,0.0,0.0
Bacteroides_cellulosilyticus_DSM_14838_arg_L,0.12510025169400002,0.0038182832427000003,0.0,0.0
Bacteroides_cellulosilyticus_DSM_14838_asn_L,99.345048,3.0321884,0.0,0.0
Bacteroides_cellulosilyticus_DSM_14838_btn,0.01786663279938,0.01786663279938,0.0,0.0
Bacteroides_cellulosilyticus_DSM_14838_ca2,0.0019395630446280001,5.91989302274e-05,0.0,0.0
Bacteroides_cellulosilyticus_DSM_14838_chtbs,0.1,0.1,0.0,0.0
Bacteroides_cellulosilyticus_DSM_14838_cl,0.0019395630446280001,5.91989302274e-05,0.0,0.0
Bacteroides_cellulosilyticus_DSM_14838_co2,99.345048,3.0321884,0.0,0.0
Bacteroides_cellulosilyticus_DSM_14838_cobalt2,0.0019395630446280001,5.91989302274e-05,0.0,0.0
Bacteroides_cellulosilyticus_DSM_14838_cspg_a,1.0,1.0,0.0,0.0
Bacteroides_cellulosilyticus_DSM_14838_cspg_a_degr,3.0,3.0,0.0,0.0
Bacteroides_cellulosilyticus_DSM_14838_cspg_b,1.0,1.0,0.0,0.0
Bacteroides_cellulosilyticus_DSM_14838_cspg_b_degr,1.0,1.0,0.0,0.0
Bacteroides_cellulosilyticus_DSM_14838_cspg_c,1.0,1.0,0.0,0.0
Bacteroides_cellulosilyticus_DSM_14838_cspg_c_degr,2.0,2.0,0.0,0.0
Bacteroides_cellulosilyticus_DSM_14838_cu2,0.0019395630446280001,5.91989302274e-05,0.0,0.0
Bacteroides_cellulosilyticus_DSM_14838_cytd,99.345048,3.0321884,0.0,0.0
Bacteroides_cellulosilyticus_DSM_14838_dcyt,89.8975136,3.0321884,0.0,0.0
Bacteroides_cellulosilyticus_DSM_14838_ddca,34.398936044092785,3.0321884,0.0,0.0
Bacteroides_cellulosilyticus_DSM_14838_dgsn,0.1,0.1,0.0,0.0
Bacteroides_cellulosilyticus_DSM_14838_duri,0.1,0.1,0.0,0.0
Bacteroides_cellulosilyticus_DSM_14838_fe2,0.0038791260892560003,0.0001183978604548,0.0,0.0
Bacteroides_cellulosilyticus_DSM_14838_fe3,0.0019395630446280001,5.91989302274e-05,0.0,0.0
Bacteroides_cellulosilyticus_DSM_14838_for,99.345048,3.0321884,0.0,0.0
Bacteroides_cellulosilyticus_DSM_14838_fru,99.345048,3.0321884,0.0,0.0
Bacteroides_cellulosilyticus_DSM_14838_gal,9.256688744093125,3.0321884,0.0,0.0
Bacteroides_cellulosilyticus_DSM_14838_gam26s,1.0,1.0,0.0,0.0
Bacteroides_cellulosilyticus_DSM_14838_gam,4.1,2.428162,0.0,0.0
Bacteroides_cellulosilyticus_DSM_14838_gcald,0.0006288361671900004,0.0003594596177700004,0.0,0.0
Bacteroides_cellulosilyticus_DSM_14838_glc_D,99.345048,3.0321884,0.0,0.0
Bacteroides_cellulosilyticus_DSM_14838_glcur,9.0,3.0321884,0.0,0.0
Bacteroides_cellulosilyticus_DSM_14838_gsn,0.058729265628396005,0.0017925221393916275,0.0,0.0
Bacteroides_cellulosilyticus_DSM_14838_h2,99.345048,3.0321884,0.0,0.0
Bacteroides_cellulosilyticus_DSM_14838_h2o,99.345048,3.0321884,0.0,0.0
Bacteroides_cellulosilyticus_DSM_14838_h,99.345048,3.0321884,0.0,0.0
Bacteroides_cellulosilyticus_DSM_14838_ha,1.0,1.0,0.0,0.0
Bacteroides_cellulosilyticus_DSM_14838_ha_deg1,1.0,1.0,0.0,0.0
Bacteroides_cellulosilyticus_DSM_14838_ha_pre1,1.0,1.0,0.0,0.0
Bacteroides_cellulosilyticus_DSM_14838_hdca,99.23821521638713,3.0289276725281034,0.0,0.0
Bacteroides_cellulosilyticus_DSM_14838_hspg,1.0,1.0,0.0,0.0
Bacteroides_cellulosilyticus_DSM_14838_hspg_degr_10,1.0,1.0,0.0,0.0
Bacteroides_cellulosilyticus_DSM_14838_hspg_degr_11,1.0,1.0,0.0,0.0
Bacteroides_cellulosilyticus_DSM_14838_hspg_degr_12,1.0,1.0,0.0,0.0
Bacteroides_cellulosilyticus_DSM_14838_hspg_degr_1,1.0,1.0,0.0,0.0
Bacteroides_cellulosilyticus_DSM_14838_hspg_degr_2,1.0,1.0,0.0,0.0
Bacteroides_cellulosilyticus_DSM_14838_hspg_degr_3,1.0,1.0,0.0,0.0
Bacteroides_cellulosilyticus_DSM_14838_hspg_degr_4,1.0,1.0,0.0,0.0
Bacteroides_cellulosilyticus_DSM_14838_hspg_degr_5,1.0,1.0,0.0,0.0
Bacteroides_cellulosilyticus_DSM_14838_hspg_degr_6,1.0,1.0,0.0,0.0
Bacteroides_cellulosilyticus_DSM_14838_hspg_degr_7,1.0,1.0,0.0,0.0
Bacteroides_cellulosilyticus_DSM_14838_hspg_degr_8,1.0,1.0,0.0,0.0
Bacteroides_cellulosilyticus_DSM_14838_hspg_degr_9,1.0,1.0,0.0,0.0
Bacteroides_cellulosilyticus_DSM_14838_indole,0.01369893703134,0.000418116038947,0.0,0.0
Bacteroides_cellulosilyticus_DSM_14838_ins,97.21187209165349,3.0313678761741123,0.0,0.0
Bacteroides_cellulosilyticus_DSM_14838_k,0.0019395630446280001,5.91989302274e-05,0.0,0.0
Bacteroides_cellulosilyticus_DSM_14838_lac_D,99.345048,3.0321884,0.0,0.0
Bacteroides_cellulosilyticus_DSM_14838_lcts,4.12671470494148,3.0321884,0.0,0.0
Bacteroides_cellulosilyticus_DSM_14838_leu_L,99.345048,3.0321884,0.0,0.0
Bacteroides_cellulosilyticus_DSM_14838_lys_L,0.082841351901,0.00252846610205,0.0,0.0
Bacteroides_cellulosilyticus_DSM_14838_malt,26.116909714267795,3.0321884,0.0,0.0
Bacteroides_cellulosilyticus_DSM_14838_man,0.1,0.1,0.0,0.0
Bacteroides_cellulosilyticus_DSM_14838_meoh,1.0,1.3282978248981827,0.0,0.0
Bacteroides_cellulosilyticus_DSM_14838_met_L,1.0650084687322838,0.6707357869603268,0.0,0.0
Bacteroides_cellulosilyticus_DSM_14838_mg2,0.0019395630446280001,5.91989302274e-05,0.0,0.0
Bacteroides_cellulosilyticus_DSM_14838_mn2,0.0019395630446280001,5.91989302274e-05,0.0,0.0
Bacteroides_cellulosilyticus_DSM_14838_nac,0.0038791260892594437,0.00011839786045442224,0.0,0.0
Bacteroides_cellulosilyticus_DSM_14838_nh4,99.345048,3.0321884,0.0,0.0
Bacteroides_cellulosilyticus_DSM_14838_no2,0.2,0.2,0.0,0.0
Bacteroides_cellulosilyticus_DSM_14838_o2,0.0009253538361087501,0.003247662817625,0.0,0.0
Bacteroides_cellulosilyticus_DSM_14838_pheme,9.999796134724347,3.0321884,0.0,0.0
Bacteroides_cellulosilyticus_DSM_14838_pi,13.75858651683701,3.0321884,0.0,0.0
Bacteroides_cellulosilyticus_DSM_14838_pydam,0.0018507076722175109,5.91989302274e-05,0.0,0.0
Bacteroides_cellulosilyticus_DSM_14838_pydx,0.0019395630446280001,5.91989302274e-05,0.0,0.0
Bacteroides_cellulosilyticus_DSM_14838_pydxn,0.0019395630446280001,5.91989302274e-05,0.0,0.0
Bacteroides_cellulosilyticus_DSM_14838_rib_D,0.1,0.1,0.0,0.0
Bacteroides_cellulosilyticus_DSM_14838_ser_L,99.345048,3.0321884,0.0,0.0
Bacteroides_cellulosilyticus_DSM_14838_so4,0.0019395630446280001,5.91989302274e-05,0.0,0.0
Bacteroides_cellulosilyticus_DSM_14838_succ,99.345048,3.0321884,0.0,0.0
Bacteroides_cellulosilyticus_DSM_14838_sucr,99.345048,3.0321884,0.0,0.0
Bacteroides_cellulosilyticus_DSM_14838_thr_L,99.345048,3.0321884,0.0,0.0
Bacteroides_cellulosilyticus_DSM_14838_thymd,0.00291751569714,8.904779283700002e-05,0.0,0.0
Bacteroides_cellulosilyticus_DSM_14838_ttdca,69.58883708958636,3.0291481732685512,0.0,0.0
Bacteroides_cellulosilyticus_DSM_14838_uri,99.33059925621889,3.031747398519104,0.0,0.0
Bacteroides_cellulosilyticus_DSM_14838_val_L,99.345048,3.0321884,0.0,0.0
Bacteroides_cellulosilyticus_DSM_14838_xyl_D,1.0,1.0,0.0,0.0
Bacteroides_cellulosilyticus_DSM_14838_zn2,0.0019395630446280001,5.91989302274e-05,0.0,0.0
Parabacteroides_merdae_ATCC_43184_12dgr180,0.1,0.1,0.1,0.0755456
Parabacteroides_merdae_ATCC_43184_26dap_M,27.165087297294853,4.60951,0.8106755999999999,0.0755456
Parabacteroides_merdae_ATCC_43184_2obut,79.66418159999999,4.60951,0.8106755999999999,0.0755456
Parabacteroides_merdae_ATCC_43184_ac,79.66418159999999,4.60951,0.8106755999999999,0.0755456
Parabacteroides_merdae_ATCC_43184_acmana,6.384687365664128,1.6518911343157061,0.1,0.026739832513438314
Parabacteroides_merdae_ATCC_43184_ade,27.177288,4.60951,0.8106755999999999,0.0755456
Parabacteroides_merdae_ATCC_43184_adn,79.66418159999999,4.60951,0.8106755999999999,0.0755456
Parabacteroides_merdae_ATCC_43184_arg_L,79.66418159999999,4.60951,0.8106755999999999,0.0755456
Parabacteroides_merdae_ATCC_43184_asn_L,79.66418159999999,4.60951,0.8106755999999999,0.0755456
Parabacteroides_merdae_ATCC_43184_btn,0.01786663279938,0.01786663279938,0.01786663279938,0.01786663279938
Parabacteroides_merdae_ATCC_43184_ca2,0.0015553236494675999,8.9993768485e-05,1.58272250766e-05,1.4749145216000001e-06
Parabacteroides_merdae_ATCC_43184_cgly,0.1,0.1,0.1,0.0755456
Parabacteroides_merdae_ATCC_43184_chor,0.07368279568501801,0.004263416465425,0.000749808049263,6.9873447488e-05
Parabacteroides_merdae_ATCC_43184_chtbs,0.1,0.1,0.1,0.0377728
Parabacteroides_merdae_ATCC_43184_cl,0.0015553236494675999,8.9993768485e-05,1.58272250766e-05,1.4749145216000001e-06
Parabacteroides_merdae_ATCC_43184_co2,79.66418159999999,4.60951,0.8106755999999999,0.0755456
Parabacteroides_merdae_ATCC_43184_cobalt2,0.0015553236494675999,8.9993768485e-05,1.58272250766e-05,1.4749145216000001e-06
Parabacteroides_merdae_ATCC_43184_cu2,0.0015553236494675999,8.9993768485e-05,1.58272250766e-05,1.4749145216000001e-06
Parabacteroides_merdae_ATCC_43184_cys_L,0.02083194449585523,0.001205373036469996,0.00021198923737319997,1.975494776320002e-05
Parabacteroides_merdae_ATCC_43184_cytd,79.66418159999999,4.60951,0.8106755999999999,0.0755456
Parabacteroides_merdae_ATCC_43184_dcyt,55.67487686827396,4.6023565175642815,0.8094175153737243,0.0754283610477696
Parabacteroides_merdae_ATCC_43184_ddca,18.499700163951307,4.60951,0.8106755999999999,0.0755456
Parabacteroides_merdae_ATCC_43184_dgsn,0.1,0.1,0.1,0.0755456
Parabacteroides_merdae_ATCC_43184_duri,0.1,0.1,0.1,0.07542836104776962
Parabacteroides_merdae_ATCC_43184_fe2,0.0031106472989351997,0.00017998753697,3.16544501532e-05,2.9498290432000003e-06
Parabacteroides_merdae_ATCC_43184_fe3,0.0015553236494675999,8.9993768485e-05,1.58272250766e-05,1.4749145216000001e-06
Parabacteroides_merdae_ATCC_43184_for,79.66418159999999,4.60951,0.8106755999999999,0.0755456
Parabacteroides_merdae_ATCC_43184_gal,9.256688744093125,4.60951,0.8106755999999999,0.0755456
Parabacteroides_merdae_ATCC_43184_gcald,27.077287999999996,4.60951,0.8106755999999999,0.0
Parabacteroides_merdae_ATCC_43184_glc_D,79.66418159999999,4.60951,0.8106755999999999,0.0755456
Parabacteroides_merdae_ATCC_43184_glcur,9.0,4.60951,0.8106755999999999,0.0755456
Parabacteroides_merdae_ATCC_43184_gly,79.66418159999999,4.60951,0.8106755999999999,0.0755456
Parabacteroides_merdae_ATCC_43184_glyc,2.8461075009759,4.60951,0.19721544036986174,0.0755456
Parabacteroides_merdae_ATCC_43184_glyclt,27.077288,4.60951,0.8106755999999999,0.0
Parabacteroides_merdae_ATCC_43184_gua,0.047094636083473196,0.0027249786743946836,0.00047924263573617177,4.46598768512e-05
Parabacteroides_merdae_ATCC_43184_h2,79.66418159999999,4.60951,0.8106755999999999,0.0755456
Parabacteroides_merdae_ATCC_43184_h2o,79.66418159999999,4.60951,0.8106755999999999,0.0755456
Parabacteroides_merdae_ATCC_43184_h2s,28.240659904517123,4.60951,0.8106755999999999,0.0755456
Parabacteroides_merdae_ATCC_43184_h,79.66418159999999,4.60951,0.8106755999999999,0.0755456
Parabacteroides_merdae_ATCC_43184_hdca,79.64100888285618,4.6081691857312,0.810439790681472,0.075523625295872
Parabacteroides_merdae_ATCC_43184_hxan,0.1,0.1,0.1,0.0755456
Parabacteroides_merdae_ATCC_43184_ins,79.63163902080893,4.607627028993527,0.8103444414494269,0.07551473984903681
Parabacteroides_merdae_ATCC_43184_k,0.0015553236494675999,8.9993768485e-05,1.58272250766e-05,1.4749145216000001e-06
Parabacteroides_merdae_ATCC_43184_lac_D,79.66418159999999,4.60951,0.8106755999999999,0.0755456
Parabacteroides_merdae_ATCC_43184_lcts,4.12671470494148,4.12671470494148,0.8106755999999999,0.0755456
Parabacteroides_merdae_ATCC_43184_leu_L,79.66418159999999,4.60951,0.8106755999999999,0.0755456
Parabacteroides_merdae_ATCC_43184_lys_L,0.0664299694317,0.0038437551512500003,0.00067600211595,6.299558720000001e-05
Parabacteroides_merdae_ATCC_43184_malt,8.41375824760113,4.60951,0.8106755999999999,0.0755456
Parabacteroides_merdae_ATCC_43184_man,0.1,0.1,0.1,0.0755456
Parabacteroides_merdae_ATCC_43184_melib,0.1,0.1,0.1,0.0755456
Parabacteroides_merdae_ATCC_43184_mg2,0.0015553236494675999,8.9993768485e-05,1.58272250766e-05,1.4749145216000001e-06
Parabacteroides_merdae_ATCC_43184_mn2,0.0015553236494675999,8.9993768485e-05,1.58272250766e-05,1.4749145216000001e-06
Parabacteroides_merdae_ATCC_43184_nac,33.0590884603849,2.5489772053075743,0.44828921627223584,0.04177537576906948
Parabacteroides_merdae_ATCC_43184_ncam,12.862305288816314,4.60951,0.8106755999999999,0.0755456
Parabacteroides_merdae_ATCC_43184_nh4,79.66418159999999,4.60951,0.8106755999999999,0.0755456
Parabacteroides_merdae_ATCC_43184_o2,0.0009253538361087501,0.003247662817625,3.177791788750963e-05,0.00011323634795999999
Parabacteroides_merdae_ATCC_43184_ocdca,26.94090282246742,4.369366659035321,0.7684415345521434,0.07160987304004515
Parabacteroides_merdae_ATCC_43184_orn,79.66418159999999,4.60951,0.8106755999999999,0.0755456
Parabacteroides_merdae_ATCC_43184_pi,13.701505176269674,4.60951,0.8106755999999999,0.0755456
Parabacteroides_merdae_ATCC_43184_pro_L,79.66418159999999,4.60951,0.8106755999999999,0.0755456
Parabacteroides_merdae_ATCC_43184_pydam,0.0015553236494675999,8.9993768485e-05,1.58272250766e-05,1.4749145216000001e-06
Parabacteroides_merdae_ATCC_43184_pydx,0.321396498175747,0.3240598186495644,0.3208814870998744,0.0755456
Parabacteroides_merdae_ATCC_43184_pydxn,0.00248067748557635,0.00333765658611,4.760514296409999e-05,0.00011471126248159999
Parabacteroides_merdae_ATCC_43184_ser_L,79.66418159999999,4.60951,0.8106755999999999,0.0755456
Parabacteroides_merdae_ATCC_43184_so4,68.99611611733954,4.60951,0.8106755999999999,0.0755456
Parabacteroides_merdae_ATCC_43184_strch1,19.916045399999998,1.1523775,0.20266889999999999,0.0188864
Parabacteroides_merdae_ATCC_43184_strch2,0.0,4.60951,0.0,0.0755456
Parabacteroides_merdae_ATCC_43184_succ,79.66418159999999,4.60951,0.8106755999999999,0.0755456
Parabacteroides_merdae_ATCC_43184_sucr,75.87124213326531,4.60951,0.8106755999999999,0.0755456
Parabacteroides_merdae_ATCC_43184_thr_L,79.66418159999999,4.60951,0.8106755999999999,0.0755456
Parabacteroides_merdae_ATCC_43184_tre,0.1,0.1,0.1,0.0755456
Parabacteroides_merdae_ATCC_43184_ttdca,77.64693800772417,4.60951,0.8106755999999999,0.0755456
Parabacteroides_merdae_ATCC_43184_ura,0.1,0.1,0.1,0.07542836104776951
Parabacteroides_merdae_ATCC_43184_uri,79.6525952414281,4.6088395928656,0.8105576953407359,0.075534612647936
Parabacteroides_merdae_ATCC_43184_val_L,79.66418159999999,4.60951,0.8106755999999999,0.0755456
Parabacteroides_merdae_ATCC_43184_xan,0.1,0.1,0.1,0.060449054879373416
Parabacteroides_merdae_ATCC_43184_xyl_D,1.0,1.0,0.8106755999999999,0.0755456
Parabacteroides_merdae_ATCC_43184_zn2,0.0015553236494675999,8.9993768485e-05,1.58272250766e-05,1.4749145216000001e-06
Bacteroides_vulgatus_ATCC_8482_26dap_M,27.077288,4.701584082630115,0.9102416005871613,0.0
Bacteroides_vulgatus_ATCC_8482_2obut,27.077288,15.478104,27.811462799999997,0.0
Bacteroides_vulgatus_ATCC_8482_T_antigen,0.0,3.0,0.0,0.0
Bacteroides_vulgatus_ATCC_8482_Tn_antigen,0.0,9.0,0.0,0.0
Bacteroides_vulgatus_ATCC_8482_ac,27.077288,15.478104,109.205534,0.0
Bacteroides_vulgatus_ATCC_8482_acgam,27.077288,15.478104,109.205534,0.0
Bacteroides_vulgatus_ATCC_8482_acnam,0.1,3.1,0.1,0.0
Bacteroides_vulgatus_ATCC_8482_ade,27.077288,4.70951,0.9106755999999999,0.0
Bacteroides_vulgatus_ATCC_8482_adn,27.077288,15.478104,62.93519885085239,0.0
Bacteroides_vulgatus_ATCC_8482_arab_L,1.0,1.0,1.0,0.0
Bacteroides_vulgatus_ATCC_8482_arg_L,27.077288,15.478104,109.205534,0.0
Bacteroides_vulgatus_ATCC_8482_asn_L,27.077288,15.478104,109.205534,0.0
Bacteroides_vulgatus_ATCC_8482_btn,0.01786663279938,0.01786663279938,0.01786663279938,0.0
Bacteroides_vulgatus_ATCC_8482_ca2,0.00020961205572999999,0.00011981987259,0.0008453873400774999,0.0
Bacteroides_vulgatus_ATCC_8482_cgly,0.005783404097321702,0.003305948885730043,0.023325073500142485,0.0
Bacteroides_vulgatus_ATCC_8482_chor,2.030575144313629,1.323312376113528,0.8859806996701521,0.0
Bacteroides_vulgatus_ATCC_8482_chtbs,0.1,0.1,0.1,0.0
Bacteroides_vulgatus_ATCC_8482_cl,0.00020961205572999999,0.00011981987259,0.0008453873400774999,0.0
Bacteroides_vulgatus_ATCC_8482_co2,27.077288,15.478104,109.205534,0.0
Bacteroides_vulgatus_ATCC_8482_cobalt2,0.00020961205572999999,0.00011981987259,0.0008453873400774999,0.0
Bacteroides_vulgatus_ATCC_8482_core2,0.0,1.0,0.0,0.0
Bacteroides_vulgatus_ATCC_8482_core3,0.0,1.0,0.0,0.0
Bacteroides_vulgatus_ATCC_8482_core4,1.0,1.0,1.0,0.0
Bacteroides_vulgatus_ATCC_8482_core5,1.0,1.0,1.0,0.0
Bacteroides_vulgatus_ATCC_8482_core6,0.0,1.0,0.0,0.0
Bacteroides_vulgatus_ATCC_8482_core7,1.0,1.0,1.0,0.0
Bacteroides_vulgatus_ATCC_8482_core8,1.0,1.0,1.0,0.0
Bacteroides_vulgatus_ATCC_8482_cu2,0.00020961205572999999,0.00011981987259,0.0008453873400774999,0.0
Bacteroides_vulgatus_ATCC_8482_cytd,27.077288,15.478104,109.205534,0.0
Bacteroides_vulgatus_ATCC_8482_dad_2,0.1,0.1,0.09999999999999998,0.0
Bacteroides_vulgatus_ATCC_8482_dcyt,27.077288,15.478104,109.205534,0.0
Bacteroides_vulgatus_ATCC_8482_ddca,27.077288,15.478104,13.940501248277936,0.0
Bacteroides_vulgatus_ATCC_8482_dgchol,10.0,10.0,10.0,0.0
Bacteroides_vulgatus_ATCC_8482_dgsn,0.1,0.1,0.1,0.0
Bacteroides_vulgatus_ATCC_8482_drib,0.1,0.1,0.1,0.0
Bacteroides_vulgatus_ATCC_8482_dsT_antigen,1.0,1.0,1.0,0.0
Bacteroides_vulgatus_ATCC_8482_duri,0.1,0.1,0.1,0.0
Bacteroides_vulgatus_ATCC_8482_etoh,27.077288,15.478104,109.205534,0.0
Bacteroides_vulgatus_ATCC_8482_f1a,1.0,1.0,1.0,0.0
Bacteroides_vulgatus_ATCC_8482_fe2,0.0006288361671899999,0.00035945961777,0.0025361620202324995,0.0
Bacteroides_vulgatus_ATCC_8482_fe3,0.00020961205572999999,0.00011981987259,0.0008453873400774999,0.0
Bacteroides_vulgatus_ATCC_8482_fol,0.0006288361671877851,0.0003594596177700013,0.002536162020232491,0.0
Bacteroides_vulgatus_ATCC_8482_for,27.077288,15.478104,109.205534,0.0
Bacteroides_vulgatus_ATCC_8482_fru,27.077288,15.478104,109.205534,0.0
Bacteroides_vulgatus_ATCC_8482_gal,0.02997403915164587,5.029974039151646,0.0299740391516459,0.0
Bacteroides_vulgatus_ATCC_8482_gam,4.1,2.8801752,4.1,0.0
Bacteroides_vulgatus_ATCC_8482_gcald,27.077288,4.60951,0.8106755999999999,0.0
Bacteroides_vulgatus_ATCC_8482_gchola,10.0,10.0,10.0,0.0
Bacteroides_vulgatus_ATCC_8482_glc_D,27.077288,15.478104,109.205534,0.0
Bacteroides_vulgatus_ATCC_8482_glcur,9.0,8.235633422222223,9.0,0.0
Bacteroides_vulgatus_ATCC_8482_glu_L,27.077288,15.478104,109.205534,0.0
Bacteroides_vulgatus_ATCC_8482_glyclt,27.077288,4.60951,0.8106755999999999,0.0
Bacteroides_vulgatus_ATCC_8482_gncore1,1.0,1.0,1.0,0.0
Bacteroides_vulgatus_ATCC_8482_gncore2,1.0,1.0,1.0,0.0
Bacteroides_vulgatus_ATCC_8482_gsn,27.077288,15.478104,40.511248066449056,0.0
Bacteroides_vulgatus_ATCC_8482_gua,27.077288,3.9155539393656715,0.855238381094799,0.0
Bacteroides_vulgatus_ATCC_8482_h2,27.077288,15.478104,109.205534,0.0
Bacteroides_vulgatus_ATCC_8482_h2o,27.077288,15.478104,109.205534,0.0
Bacteroides_vulgatus_ATCC_8482_h2s,1.01485382172477,1.0084908428589099,1.0599070162932989,0.0
Bacteroides_vulgatus_ATCC_8482_h,27.077288,15.478104,109.205534,0.0
Bacteroides_vulgatus_ATCC_8482_hdca,27.001319148468564,15.434678167074471,108.89914367764352,0.0
Bacteroides_vulgatus_ATCC_8482_k,0.00020961205572999999,0.00011981987259,0.0008453873400774999,0.0
Bacteroides_vulgatus_ATCC_8482_lac_D,27.077288,15.478104,109.205534,0.0
Bacteroides_vulgatus_ATCC_8482_lcts,4.12671470494148,4.12671470494148,4.12671470494148,0.0
Bacteroides_vulgatus_ATCC_8482_leu_L,27.077288,15.478104,109.205534,0.0
Bacteroides_vulgatus_ATCC_8482_lys_L,0.019322352716800002,0.011045175014400001,0.0779290690624,0.0
Bacteroides_vulgatus_ATCC_8482_malt,26.11690971426779,15.478104,8.593908380934463,0.0
Bacteroides_vulgatus_ATCC_8482_man,0.1,0.1,0.1,0.0
Bacteroides_vulgatus_ATCC_8482_melib,0.1,0.1,0.1,0.0
Bacteroides_vulgatus_ATCC_8482_mg2,0.00020961205572999999,0.00011981987259,0.0008453873400774999,0.0
Bacteroides_vulgatus_ATCC_8482_mn2,0.00020961205572999999,0.00011981987259,0.0008453873400774999,0.0
Bacteroides_vulgatus_ATCC_8482_mqn8,0.00041922411145999997,0.00023963974518,0.0016907746801549997,0.0
Bacteroides_vulgatus_ATCC_8482_nac,12.717196912427944,8.29917153333352,31.154913363259396,0.0
Bacteroides_vulgatus_ATCC_8482_ncam,27.077288,2.6943248182704136,0.5937851623219011,0.0
Bacteroides_vulgatus_ATCC_8482_nh4,27.077288,15.478104,109.205534,0.0
Bacteroides_vulgatus_ATCC_8482_o2,0.0009253538361087485,0.003247662817625,3.177791788749999e-05,0.0
Bacteroides_vulgatus_ATCC_8482_ocdca,21.805956702080678,14.230036606036107,27.426643206131818,0.0
Bacteroides_vulgatus_ATCC_8482_orn,27.077288,15.478104,52.40898,0.0
Bacteroides_vulgatus_ATCC_8482_pheme,0.00020961205572999999,0.00011981987259,0.0008453873400774999,0.0
Bacteroides_vulgatus_ATCC_8482_pi,13.525418190257575,13.909571990214127,13.92338132835215,0.0
Bacteroides_vulgatus_ATCC_8482_pro_L,27.077288,15.478104,86.17310093595061,0.0
Bacteroides_vulgatus_ATCC_8482_ptrc,0.00041922411145999997,0.00023963974518,0.0016907746801549997,0.0
Bacteroides_vulgatus_ATCC_8482_pydam,0.00020961205572999999,0.00011981987259,3.177791788749999e-05,0.0
Bacteroides_vulgatus_ATCC_8482_pydx,0.00020961205572999999,0.00011981987259,0.0008453873400774999,0.0
Bacteroides_vulgatus_ATCC_8482_pydxn,0.00020961205572999999,0.00011981987259,0.0008453873400774999,0.0
Bacteroides_vulgatus_ATCC_8482_q8,0.00020961205573044595,0.00011981987259,0.0008453873400774969,0.0
Bacteroides_vulgatus_ATCC_8482_rib_D,0.1,0.1,0.1,0.0
Bacteroides_vulgatus_ATCC_8482_sT_antigen,0.0,1.0,0.0,0.0
Bacteroides_vulgatus_ATCC_8482_sTn_antigen,1.0,1.0,1.0,0.0
Bacteroides_vulgatus_ATCC_8482_ser_L,27.077288,15.478104,109.205534,0.0
Bacteroides_vulgatus_ATCC_8482_sheme,0.00020961205572999999,0.00011981987259,0.0008453873400774999,0.0
Bacteroides_vulgatus_ATCC_8482_so4,0.00020961205572999999,0.00011981987259,0.0008453873400774999,0.0
Bacteroides_vulgatus_ATCC_8482_spmd,0.00020961205572999999,0.00011981987259,0.0008453873400774999,0.0
Bacteroides_vulgatus_ATCC_8482_succ,27.07027790210049,15.478104,109.1698610003827,0.0
Bacteroides_vulgatus_ATCC_8482_sucr,27.077288,15.478104,109.205534,0.0
Bacteroides_vulgatus_ATCC_8482_tchola,10.0,10.0,10.0,0.0
Bacteroides_vulgatus_ATCC_8482_tdchola,10.0,10.0,10.0,0.0
Bacteroides_vulgatus_ATCC_8482_thr_L,27.077288,15.478104,109.205534,0.0
Bacteroides_vulgatus_ATCC_8482_thymd,0.00108451307762,0.00061993676046,0.004373954650534999,0.0
Bacteroides_vulgatus_ATCC_8482_ttdca,27.003012223593984,15.435645974222304,62.984151459516944,0.0
Bacteroides_vulgatus_ATCC_8482_ura,0.1,0.1,0.1,0.0
Bacteroides_vulgatus_ATCC_8482_uri,27.07390184974916,15.476168385704279,109.19187730194562,0.0
Bacteroides_vulgatus_ATCC_8482_val_L,27.077288,15.478104,109.205534,0.0
Bacteroides_vulgatus_ATCC_8482_xan,0.1,0.1,0.1,0.0
Bacteroides_vulgatus_ATCC_8482_xyl_D,1.0,1.0,1.0,0.0
Bacteroides_vulgatus_ATCC_8482_zn2,0.00020961205572999999,0.00011981987259,0.0008453873400774999,0.0
Alistipes_putredinis_DSM_17216_26dap_M,0.0016468220079990002,0.0057797594757,5.655412286999999e-05,0.00020152303113599998
Alistipes_putredinis_DSM_17216_4hbz,0.0002038856642185,0.00071556615955,7.001712904999999e-06,2.4949664784e-05
Alistipes_putredinis_DSM_17216_ac,26.31645667653096,88.43213280000002,0.9037431593448,3.22036752754944
Alistipes_putredinis_DSM_17216_adn,4.506318118660816,11.941735403142832,0.25424556775122487,0.6496333914323553
Alistipes_putredinis_DSM_17216_ala_L,26.337563600000003,89.76815431032091,0.9044679999999999,3.2229503999999998
Alistipes_putredinis_DSM_17216_arg_L,0.016447578014518502,0.05772514844955,0.000564832351905,0.002012704323984
Alistipes_putredinis_DSM_17216_asn_L,26.337563600000003,92.43548,0.9044679999999999,3.2229503999999998
Alistipes_putredinis_DSM_17216_ca2,0.0002038856642185,0.00071556615955,7.001712904999999e-06,2.4949664784e-05
Alistipes_putredinis_DSM_17216_cl,0.0002038856642185,0.00071556615955,7.001712904999999e-06,2.4949664784e-05
Alistipes_putredinis_DSM_17216_co2,23.41328289007947,70.77481195909324,0.8998593952339149,3.2065282550769076
Alistipes_putredinis_DSM_17216_cobalt2,0.0002038856642185,0.00071556615955,7.001712904999999e-06,2.4949664784e-05
Alistipes_putredinis_DSM_17216_cu2,0.0002038856642185,0.00071556615955,7.001712904999999e-06,2.4949664784e-05
Alistipes_putredinis_DSM_17216_cys_L,0.005421521623150724,0.019027612469292757,0.00018618247663026058,0.0006634362824638929
Alistipes_putredinis_DSM_17216_cytd,0.006661164897894001,0.023378319424200003,0.00022875352422000003,0.000815132500416
Alistipes_putredinis_DSM_17216_dad_2,0.00210963884436,0.007404081948,7.244788679999998e-05,0.00025815832703999993
Alistipes_putredinis_DSM_17216_dgchol,10.0,10.0,0.9044679999999999,3.2229503999999998
Alistipes_putredinis_DSM_17216_dgsn,0.1,0.1,0.1,0.1
Alistipes_putredinis_DSM_17216_duri,0.0011234287753580001,0.0039428353994000005,3.858008254e-05,0.00013747494931200005
Alistipes_putredinis_DSM_17216_fe2,0.0002038856642185,0.00071556615955,7.001712904999999e-06,2.4949664784e-05
Alistipes_putredinis_DSM_17216_fe3,0.0002038856642185,0.00071556615955,7.001712904999999e-06,2.4949664784e-05
Alistipes_putredinis_DSM_17216_fol,0.0006116569926555016,0.002146698478649997,2.1005138715041996e-05,7.4848994352e-05
Alistipes_putredinis_DSM_17216_gchola,10.0,10.0,0.9044679999999999,3.2229503999999998
Alistipes_putredinis_DSM_17216_glu_L,26.337563600000003,92.43548,0.9044679999999999,3.2229503999999998
Alistipes_putredinis_DSM_17216_gly,26.337563600000003,77.73720371340832,0.9044679999999999,3.2229503999999998
Alistipes_putredinis_DSM_17216_glyc,-0.0021031074973130903,-0.007381159243056719,-7.2223591398552e-05,-0.0002573590804621056
Alistipes_putredinis_DSM_17216_gsn,0.0011234287753580001,0.0039428353994000005,3.858008254e-05,0.000137474949312
Alistipes_putredinis_DSM_17216_gthox,0.00010194283210925,0.000357783079775,3.5008564524999995e-06,1.2474832392e-05
Alistipes_putredinis_DSM_17216_h2,26.337563600000003,83.8226228,0.9044679999999999,3.2229503999999998
Alistipes_putredinis_DSM_17216_h2o,26.337563600000003,92.43548,0.9044679999999999,3.2229503999999998
Alistipes_putredinis_DSM_17216_h,26.337563600000003,89.1209721903002,0.9044679999999999,3.2229503999999998
Alistipes_putredinis_DSM_17216_hdca,26.22249959123695,92.03164625735506,0.9005165443734097,3.2088699178908473
Alistipes_putredinis_DSM_17216_his_L,0.0052190516029760005,0.0183170147168,0.00017922937887999998,0.000638659851264
Alistipes_putredinis_DSM_17216_ile_L,4.391946503279948,15.414170017039979,0.15082545714018164,0.5374462860157919
Alistipes_putredinis_DSM_17216_k,0.0002038856642185,0.00071556615955,7.001712904999999e-06,2.4949664784e-05
Alistipes_putredinis_DSM_17216_lac_D,26.337563600000003,88.33213280000001,0.9044679999999999,3.2229503999999998
Alistipes_putredinis_DSM_17216_lanost,0.0009253538361087501,0.0032476628176249995,3.177791788749999e-05,0.00011323634795997321
Alistipes_putredinis_DSM_17216_leu_L,26.337563600000003,92.43548,0.9044679999999999,3.2229503999999998
Alistipes_putredinis_DSM_17216_lys_L,0.018794485384960005,0.065961958528,0.0006454283648,0.00229989740544
Alistipes_putredinis_DSM_17216_met_L,0.0090265085628555,0.03167983433865,0.00030998266471499994,0.0011045816471518394
Alistipes_putredinis_DSM_17216_mg2,0.0002038856642185,0.00071556615955,7.001712904999999e-06,2.4949664784e-05
Alistipes_putredinis_DSM_17216_mn2,0.0002038856642185,0.00071556615955,7.001712904999999e-06,2.4949664784e-05
Alistipes_putredinis_DSM_17216_mqn7,0.000407771328437,0.0014311323191,1.4003425809999998e-05,4.9899329568e-05
Alistipes_putredinis_DSM_17216_nac,-0.00020386527565207816,-0.0007154946029340449,-7.0010127337095e-06,-2.49471698175216e-05
Alistipes_putredinis_DSM_17216_nh4,26.337563600000003,92.43548,0.9044679999999999,3.2229503999999998
Alistipes_putredinis_DSM_17216_ocdca,10.56077064842023,27.77598610168181,0.3678354978495703,1.3107324581173323
Alistipes_putredinis_DSM_17216_ocdcea,3.2921954500000004,11.554435,0.11305849999999999,0.40286879999999997
Alistipes_putredinis_DSM_17216_phe_L,0.01017420081868,0.035707825924,0.00034939598839999993,0.0012450257395199998
Alistipes_putredinis_DSM_17216_pheme,0.0002038856642185,0.00071556615955,7.001712904999999e-06,2.4949664784e-05
Alistipes_putredinis_DSM_17216_pi,13.523915762835477,14.065792362108388,0.9044679999999999,3.2229503999999998
Alistipes_putredinis_DSM_17216_pnto_R,0.00040777132842961805,0.0014311323190892011,1.400342581048264e-05,4.989932956789289e-05
Alistipes_putredinis_DSM_17216_pro_L,0.012138324624150001,0.042601201845000006,0.0004168466895000389,0.0014853772655998299
Alistipes_putredinis_DSM_17216_ribflv,0.000407771328437,0.0014311323191,1.4003425809999998e-05,4.9899329568e-05
Alistipes_putredinis_DSM_17216_ser_L,26.337563600000003,92.43548,0.9044679999999999,3.2229503999999998
Alistipes_putredinis_DSM_17216_sheme,0.0002038856642185,0.00071556615955,7.001712904999999e-06,2.4949664784e-05
Alistipes_putredinis_DSM_17216_so4,0.0002038856642185,0.00071556615955,7.001712904999999e-06,2.4949664784e-05
Alistipes_putredinis_DSM_17216_spmd,0.0002038856642185,0.00071556615955,7.001712904999999e-06,2.4949664784e-05
Alistipes_putredinis_DSM_17216_succ,26.337563600000003,92.43548,0.9044679999999999,3.2229503999999998
Alistipes_putredinis_DSM_17216_tchola,10.0,10.0,0.9044679999999999,3.2229503999999998
Alistipes_putredinis_DSM_17216_tdchola,10.0,10.0,0.9044679999999999,3.2229503999999998
Alistipes_putredinis_DSM_17216_thm,0.0002038856642185,0.00071556615955,7.001712904999999e-06,2.4949664784e-05
Alistipes_putredinis_DSM_17216_thr_L,26.337563600000003,92.43548,0.9044679999999999,3.2229503999999998
Alistipes_putredinis_DSM_17216_thymd,0.000986210069002,0.003461246548599999,3.386780426e-05,0.00012068337772799998
Alistipes_putredinis_DSM_17216_trp_L,26.337563600000003,12.947226843321994,0.9044679999999999,3.2229503999999998
Alistipes_putredinis_DSM_17216_ttdca,26.224146413244956,56.10616673004852,0.9005730984962796,3.209071440921983
Alistipes_putredinis_DSM_17216_tyr_L,17.185058001299947,16.30392183660455,0.9044679999999999,3.2229503999999998
Alistipes_putredinis_DSM_17216_urea,-0.00020386527565207816,-0.0007154946029340449,-7.0010127337095e-06,-2.49471698175216e-05
Alistipes_putredinis_DSM_17216_uri,26.334269955984006,88.43213280000002,0.90435489175426,3.222547353937728
Alistipes_putredinis_DSM_17216_val_L,21.971161866733734,77.11096303946765,0.7545197852424332,2.68863004954848
Alistipes_putredinis_DSM_17216_zn2,0.0002038856642185,0.00071556615955,7.001712904999999e-06,2.4949664784e-05
Bacteroides_sp_4_3_47FAA_ac,25.0670512,13.657444799999999,100.54539039999999,0.8632584000000001
Bacteroides_sp_4_3_47FAA_acgam,25.0670512,13.657444799999999,100.54539039999999,0.8632584000000001
Bacteroides_sp_4_3_47FAA_adn,8.617941575364627,4.834464851438599,28.186576404535852,0.4624449858510758
Bacteroides_sp_4_3_47FAA_ala_L,25.0670512,13.657444799999999,38.09547179786136,0.8632584000000001
Bacteroides_sp_4_3_47FAA_arg_L,25.0670512,13.657444799999999,100.54539039999999,0.8632584000000001
Bacteroides_sp_4_3_47FAA_asn_L,25.0670512,13.657444799999999,100.54539039999999,0.8632584000000001
Bacteroides_sp_4_3_47FAA_btn,0.01786663279938,0.01786663279938,0.01786663279938,0.01786663279938
Bacteroides_sp_4_3_47FAA_ca2,0.0004893965741032,0.00026664112355279996,0.0019629979294744,1.68538253724e-05
Bacteroides_sp_4_3_47FAA_chtbs,0.1,0.1,0.1,0.1
Bacteroides_sp_4_3_47FAA_cit,0.0009787931482064,0.0005332822471055999,0.0039259958589488,3.37076507448e-05
Bacteroides_sp_4_3_47FAA_cl,0.0004893965741032,0.00026664112355279996,0.0019629979294744,1.68538253724e-05
Bacteroides_sp_4_3_47FAA_co2,25.0670512,13.657444799999999,100.54539039999999,0.8632584000000001
Bacteroides_sp_4_3_47FAA_cobalt2,0.0004893965741032,0.00026664112355279996,0.0019629979294744,1.68538253724e-05
Bacteroides_sp_4_3_47FAA_cu2,0.0004893965741032,0.00026664112355279996,0.0019629979294744,1.68538253724e-05
Bacteroides_sp_4_3_47FAA_cytd,25.0670512,13.657444799999999,100.54539039999999,0.8632584000000001
Bacteroides_sp_4_3_47FAA_dcyt,25.0670512,13.657444799999999,100.54539039999999,0.8632584000000001
Bacteroides_sp_4_3_47FAA_ddca,25.0670512,13.657444799999999,13.940501248277936,0.8632584000000001
Bacteroides_sp_4_3_47FAA_dgchol,10.0,10.0,10.0,0.8632584000000001
Bacteroides_sp_4_3_47FAA_dgsn,0.1,0.1,0.1,0.1
Bacteroides_sp_4_3_47FAA_duri,0.1,0.1,0.1,0.1
Bacteroides_sp_4_3_47FAA_fe2,0.0004893965741032,0.00026664112355279996,0.0019629979294744,1.68538253724e-05
Bacteroides_sp_4_3_47FAA_fe3,0.0004893965741032,0.00026664112355279996,0.0019629979294744,1.68538253724e-05
Bacteroides_sp_4_3_47FAA_for,25.0670512,13.657444799999999,100.54539039999999,0.8632584000000001
Bacteroides_sp_4_3_47FAA_gcald,0.0006288361671922815,0.00035945961777147234,0.0025361620202324978,0.0
Bacteroides_sp_4_3_47FAA_gchola,10.0,10.0,10.0,0.8632584000000001
Bacteroides_sp_4_3_47FAA_glc_D,25.0670512,13.657444799999999,100.54539039999999,0.8632584000000001
Bacteroides_sp_4_3_47FAA_glcur,9.0,8.235633422222222,9.0,0.8632584000000001
Bacteroides_sp_4_3_47FAA_glu_L,25.0670512,13.657444799999999,100.54539039999999,0.8632584000000001
Bacteroides_sp_4_3_47FAA_gsn,0.014818750789122401,0.008073796526469598,0.0594388654431208,0.0005103277204068001
Bacteroides_sp_4_3_47FAA_h2,25.0670512,13.657444799999999,100.54539039999999,0.8632584000000001
Bacteroides_sp_4_3_47FAA_h2o,25.0670512,13.657444799999999,100.54539039999999,0.8632584000000001
Bacteroides_sp_4_3_47FAA_h,25.0670512,13.657444799999999,100.54539039999999,0.8632584000000001
Bacteroides_sp_4_3_47FAA_hdca,25.013141999689278,13.62807309921313,100.3291574834057,0.8614018764849547
Bacteroides_sp_4_3_47FAA_k,0.0004893965741032,0.00026664112355279996,0.0019629979294744,1.68538253724e-05
Bacteroides_sp_4_3_47FAA_lac_D,25.0670512,13.657444799999999,100.54539039999999,0.8632584000000001
Bacteroides_sp_4_3_47FAA_leu_L,25.0670512,13.657444799999999,100.54539039999999,0.8632584000000001
Bacteroides_sp_4_3_47FAA_lys_L,0.020902787319400002,0.011388601782599999,0.0838422874198,0.0007198495983000001
Bacteroides_sp_4_3_47FAA_met_L,1.0164031388272696,1.0089370289824966,1.0657939373887428,0.10114721076973031
Bacteroides_sp_4_3_47FAA_mg2,0.0004893965741032,0.00026664112355279996,0.0019629979294744,1.68538253724e-05
Bacteroides_sp_4_3_47FAA_mn2,0.0004893965741032,0.00026664112355279996,0.0019629979294744,1.68538253724e-05
Bacteroides_sp_4_3_47FAA_nac,0.0009787931482065915,0.0005332822471082466,0.003925995858948372,3.3707650744840834e-05
Bacteroides_sp_4_3_47FAA_nh4,25.0670512,13.657444799999999,100.54539039999999,0.8632584000000001
Bacteroides_sp_4_3_47FAA_o2,0.0009253538361087501,0.0032476628176284494,3.177791788749999e-05,0.00011323634795999999
Bacteroides_sp_4_3_47FAA_pheme,9.999796134724347,9.999284505397066,9.999992998987267,0.8632584000000001
Bacteroides_sp_4_3_47FAA_pi,13.543154556383485,13.657444799999999,13.993311075631686,0.8632584000000001
Bacteroides_sp_4_3_47FAA_pro_L,25.0670512,13.657444799999999,86.17310093595054,0.8632584000000001
Bacteroides_sp_4_3_47FAA_pydam,0.0004893965741032,0.00026664112355279996,0.0019629979294744,1.68538253724e-05
Bacteroides_sp_4_3_47FAA_pydx,0.321396498175747,0.32405981864956646,0.3208814870998743,0.32114463051097175
Bacteroides_sp_4_3_47FAA_pydxn,0.00141475041021195,0.0035143039411808736,0.0019947758473619,0.0001300901733324
Bacteroides_sp_4_3_47FAA_rib_D,0.1,0.1,0.1,0.1
Bacteroides_sp_4_3_47FAA_ser_L,25.0670512,13.657444799999999,100.54539039999999,0.8632584000000001
Bacteroides_sp_4_3_47FAA_so4,0.0004893965741032,0.00026664112355279996,0.0019629979294744,1.68538253724e-05
Bacteroides_sp_4_3_47FAA_succ,25.0670512,13.657444799999999,100.54539039999999,0.8632584000000001
Bacteroides_sp_4_3_47FAA_tchola,10.0,10.0,10.0,0.8632584000000001
Bacteroides_sp_4_3_47FAA_tdchola,10.0,10.0,10.0,0.8632584000000001
Bacteroides_sp_4_3_47FAA_thr_L,25.0670512,13.657444799999999,100.54539039999999,0.8632584000000001
Bacteroides_sp_4_3_47FAA_thymd,0.0007361566261160002,0.0004010850101640001,0.0029527667525719994,2.535174106200001e-05
Bacteroides_sp_4_3_47FAA_ttdca,25.01496487565254,13.629066268598967,64.41497960266386,0.861464652635809
Bacteroides_sp_4_3_47FAA_uri,25.063405448073475,13.655458461228287,100.53076707842023,0.863132847698304
Bacteroides_sp_4_3_47FAA_val_L,25.0670512,13.657444799999999,100.54539039999999,0.8632584000000001
Bacteroides_sp_4_3_47FAA_xan,0.1,0.1,0.1,0.1
Bacteroides_sp_4_3_47FAA_xyl_D,1.0,1.0,1.0,0.8632584000000001
Bacteroides_sp_4_3_47FAA_zn2,0.0004893965741032,0.00026664112355279996,0.0019629979294744,1.68538253724e-05
Burkholderiales_bacterium_1_1_47_ala_L,0.030533632356592,0.011788810300208,0.016422533819328,0.0
Burkholderiales_bacterium_1_1_47_asn_L,13.583949996293828,5.269831112762438,6.1264998943731035,0.0
Burkholderiales_bacterium_1_1_47_asp_L,15.7088636,6.065076400000001,8.4490224,0.0
Burkholderiales_bacterium_1_1_47_ca2,0.00030669199849460004,0.00011841151909540001,0.00016495448882640002,0.0
Burkholderiales_bacterium_1_1_47_cgly,0.1,0.1,0.1,0.0
Burkholderiales_bacterium_1_1_47_cl,0.00030669199849460004,0.00011841151909540001,0.00016495448882640002,0.0
Burkholderiales_bacterium_1_1_47_co2,0.05703631243836562,0.13176933748123829,0.11321466183159531,0.0
Burkholderiales_bacterium_1_1_47_cobalt2,0.00030669199849460004,0.00011841151909540001,0.00016495448882640002,0.0
Burkholderiales_bacterium_1_1_47_cu2,0.00030669199849460004,0.00011841151909540001,0.00016495448882640002,0.0
Burkholderiales_bacterium_1_1_47_cys_L,15.7088636,6.065076400000001,8.4490224,0.0
Burkholderiales_bacterium_1_1_47_fe2,0.00030669199849460004,0.00011841151909540001,0.00016495448882640002,0.0
Burkholderiales_bacterium_1_1_47_fe3,0.00030669199849460004,0.00011841151909540001,0.00016495448882640002,0.0
Burkholderiales_bacterium_1_1_47_for,15.7088636,6.065076400000001,8.4490224,0.0
Burkholderiales_bacterium_1_1_47_fum,15.7088636,6.065076400000001,1.6983043999999998,0.0
Burkholderiales_bacterium_1_1_47_gln_L,12.994956657280486,5.145819197393147,5.017595390143381,0.0
Burkholderiales_bacterium_1_1_47_glu_L,5.409165070106606,2.1882356911534173,2.984283884649691,0.0
Burkholderiales_bacterium_1_1_47_gly,6.629348761233036,2.5835325004159273,3.581772030063453,0.0
Burkholderiales_bacterium_1_1_47_glyleu,0.1,0.1,0.1,0.0
Burkholderiales_bacterium_1_1_47_glymet,0.0061715962235546,0.0023828077930354,0.0033193970018664002,0.0
Burkholderiales_bacterium_1_1_47_glypro,0.1,0.1,0.1,0.0
Burkholderiales_bacterium_1_1_47_h2,15.7088636,6.065076400000001,8.4490224,0.0
Burkholderiales_bacterium_1_1_47_h2o,15.7088636,6.065076400000001,8.4490224,0.0
Burkholderiales_bacterium_1_1_47_h,15.7088636,6.065076400000001,8.4490224,0.0
Burkholderiales_bacterium_1_1_47_his_L,0.0036375051830569998,0.0014044139284930001,0.001956434504388,0.0
Burkholderiales_bacterium_1_1_47_indole,15.7088636,6.065076400000001,8.4490224,0.0
Burkholderiales_bacterium_1_1_47_k,0.00030669199849460004,0.00011841151909540001,0.00016495448882640002,0.0
Burkholderiales_bacterium_1_1_47_leu_L,0.01722712526694,0.00665126603406,0.00926562041496,0.0
Burkholderiales_bacterium_1_1_47_lys_L,0.01309922863445,0.00505751558305,0.007045428553800001,0.0
Burkholderiales_bacterium_1_1_47_mal_L,0.1,0.1,0.1,0.0
Burkholderiales_bacterium_1_1_47_met_L,0.0061715962235546,0.0023828077930354,0.0033193970018664002,0.0
Burkholderiales_bacterium_1_1_47_mg2,0.00030669199849460004,0.00011841151909540001,0.00016495448882640002,0.0
Burkholderiales_bacterium_1_1_47_mn2,0.00030669199849460004,0.00011841151909540001,0.00016495448882640002,0.0
Burkholderiales_bacterium_1_1_47_nac,0.0006133839969890698,0.00023682303819079487,0.00032990897765282357,0.0
Burkholderiales_bacterium_1_1_47_nh4,7.381316384804562,2.934782755524914,1.4984847360129143,0.0
Burkholderiales_bacterium_1_1_47_nmn,0.1,0.1,0.1,0.0
Burkholderiales_bacterium_1_1_47_no2,0.1,0.1,0.1,0.0
Burkholderiales_bacterium_1_1_47_no3,0.1,0.1,0.1,0.0
Burkholderiales_bacterium_1_1_47_o2,0.0009253538361087501,0.0032476628176249995,3.177791788749999e-05,0.0
Burkholderiales_bacterium_1_1_47_orn,15.7088636,6.065076400000001,8.4490224,0.0
Burkholderiales_bacterium_1_1_47_phe_L,0.00709098102904,0.00273777548696,0.00381388871136,0.0
Burkholderiales_bacterium_1_1_47_pi,8.953966975247951,3.5427687938313266,4.876895583691241,0.0
Burkholderiales_bacterium_1_1_47_pro_L,0.00846040121337,0.0032664985221300003,0.004550432239080001,0.0
Burkholderiales_bacterium_1_1_47_pydx,0.00030669199849460004,0.00011841151909540001,0.00016495448882640002,0.0
Burkholderiales_bacterium_1_1_47_ribflv,0.0006133839969892001,0.00023682303819080002,0.00032990897765280004,0.0
Burkholderiales_bacterium_1_1_47_ser_L,15.7088636,6.065076400000001,8.4490224,0.0
Burkholderiales_bacterium_1_1_47_so4,0.00030669199849460004,0.00011841151909540001,0.00016495448882640002,0.0
Burkholderiales_bacterium_1_1_47_succ,1.98909296970395,1.1941471006122895,1.3833928915363578,0.0
Burkholderiales_bacterium_1_1_47_thr_L,0.020782826542800004,0.008024096077200001,0.0111780566352,0.0
Burkholderiales_bacterium_1_1_47_trp_L,0.002166134473963,0.000836328547487,0.001165056821292,0.0
Burkholderiales_bacterium_1_1_47_tyr_L,15.638908718667373,6.065076400000001,8.4490224,0.0
Burkholderiales_bacterium_1_1_47_ura,0.011532033857395999,0.004452433236004,0.006202511834063999,0.0
Burkholderiales_bacterium_1_1_47_zn2,0.00030669199849460004,0.00011841151909540001,0.00016495448882640002,0.0
Bacteroides_sp_20_3_ac,13.7278352,5.9049032,1.5983043999999997,0.7405212
Bacteroides_sp_20_3_acnam,0.006347476439776,0.002730309141616,0.0007390239884719999,0.00034240219245600004
Bacteroides_sp_20_3_adn,13.7278352,5.9049032,1.5983043999999997,0.7405212
Bacteroides_sp_20_3_arab_L,1.0,1.0,1.0,0.7405212
Bacteroides_sp_20_3_arg_L,13.7278352,5.9049032,1.5983043999999997,0.7405212
Bacteroides_sp_20_3_asn_L,13.7278352,5.9049032,1.5983043999999997,0.7405212
Bacteroides_sp_20_3_ca2,0.0002680153905272,0.0001152843776252,3.12044959534e-05,1.44575656482e-05
Bacteroides_sp_20_3_chtbs,0.003173738219888,0.001365154570808,0.00036951199423599995,0.00017120109622800002
Bacteroides_sp_20_3_cl,0.0002680153905272,0.0001152843776252,3.12044959534e-05,1.44575656482e-05
Bacteroides_sp_20_3_co2,13.7278352,5.9049032,1.5983043999999997,0.7405212
Bacteroides_sp_20_3_cobalt2,0.0002680153905272,0.0001152843776252,3.12044959534e-05,1.44575656482e-05
Bacteroides_sp_20_3_cu2,0.0002680153905272,0.0001152843776252,3.12044959534e-05,1.44575656482e-05
Bacteroides_sp_20_3_cytd,13.7278352,5.9049032,1.5983043999999997,0.7405212
Bacteroides_sp_20_3_dcyt,13.7278352,5.9049032,1.5983043999999997,0.7405212
Bacteroides_sp_20_3_ddca,13.7278352,5.9049032,1.5983043999999997,0.7405212
Bacteroides_sp_20_3_dgchol,10.0,5.9049032,1.5983043999999997,0.7405212
Bacteroides_sp_20_3_dgsn,0.008115408832090117,0.0034907691477764,0.000944860821474021,0.00043776984493739996
Bacteroides_sp_20_3_duri,0.1,0.1,0.1,0.1
Bacteroides_sp_20_3_fe2,0.0005360307810544,0.0002305687552504,6.24089919068e-05,2.89151312964e-05
Bacteroides_sp_20_3_fe3,0.0002680153905272,0.0001152843776252,3.12044959534e-05,1.44575656482e-05
Bacteroides_sp_20_3_for,13.7278352,5.9049032,1.5983043999999997,0.7405212
Bacteroides_sp_20_3_fum,13.7278352,5.9049032,1.5983043999999997,0.7405212
Bacteroides_sp_20_3_gcald,0.0006288361671900056,0.00035945961777030314,0.0025361620202325047,0.0
Bacteroides_sp_20_3_gchola,10.0,5.9049032,1.5983043999999997,0.7405212
Bacteroides_sp_20_3_gly,13.7278352,5.9049032,1.5983043999999997,0.7405212
Bacteroides_sp_20_3_glyc,13.7278352,5.9049032,0.7121396688585975,0.5103739522094636
Bacteroides_sp_20_3_glymet,0.1,0.1,0.1,0.1
Bacteroides_sp_20_3_h2,13.7278352,5.9049032,1.5983043999999997,0.7405212
Bacteroides_sp_20_3_h2o,13.7278352,5.9049032,1.5983043999999997,0.7405212
Bacteroides_sp_20_3_h,13.7278352,5.9049032,1.5983043999999997,0.7405212
Bacteroides_sp_20_3_hdca,13.7278352,5.9049032,1.5983043999999997,0.7405212
Bacteroides_sp_20_3_ins,12.397790297848843,5.827914545672501,1.597651497447513,0.7402186993113635
Bacteroides_sp_20_3_k,0.0002680153905272,0.0001152843776252,3.12044959534e-05,1.44575656482e-05
Bacteroides_sp_20_3_lac_D,13.7278352,5.9049032,1.5983043999999997,0.7405212
Bacteroides_sp_20_3_leu_L,13.7278352,5.9049032,1.5983043999999997,0.7405212
Bacteroides_sp_20_3_lys_L,0.0114472985774,0.004923951155900001,0.00133278608155,0.00061750211565
Bacteroides_sp_20_3_met_L,0.008983090383741663,0.0038639944594353825,0.0010458832493819691,0.00048457522790463646
Bacteroides_sp_20_3_mg2,0.0002680153905272,0.0001152843776252,3.12044959534e-05,1.44575656482e-05
Bacteroides_sp_20_3_mn2,0.0002680153905272,0.0001152843776252,3.12044959534e-05,1.44575656482e-05
Bacteroides_sp_20_3_nac,0.0005360307810526876,0.00023056875524218867,6.240899190679272e-05,2.8915131296436414e-05
Bacteroides_sp_20_3_nh4,13.7278352,5.9049032,1.5983043999999997,0.7405212
Bacteroides_sp_20_3_no2,0.2,0.2,0.2,0.1
Bacteroides_sp_20_3_o2,0.0009253538361087485,0.003247662817625,3.177791788750963e-05,0.00011323634795999999
Bacteroides_sp_20_3_orn,8.819540378746277,4.150783647796858,1.2953102643885928,0.6019789486585817
Bacteroides_sp_20_3_pheme,9.999796134724347,5.9049032,1.5983043999999997,0.7405212
Bacteroides_sp_20_3_pi,13.51062460760845,5.9049032,1.5983043999999997,0.7405212
Bacteroides_sp_20_3_pro_L,13.7278352,5.9049032,1.5983043999999997,0.7405212
Bacteroides_sp_20_3_pydx,0.0002680153905272,0.0001152843776252,3.12044959534e-05,1.44575656482e-05
Bacteroides_sp_20_3_ser_L,13.7278352,5.9049032,1.5983043999999997,0.7405212
Bacteroides_sp_20_3_so4,0.0002680153905272,0.0001152843776252,3.12044959534e-05,1.44575656482e-05
Bacteroides_sp_20_3_succ,13.7278352,5.9049032,1.5983043999999997,0.7405212
Bacteroides_sp_20_3_tchola,10.0,5.9049032,1.5983043999999997,0.7405212
Bacteroides_sp_20_3_tdchola,10.0,5.9049032,1.5983043999999997,0.7405212
Bacteroides_sp_20_3_thr_L,13.7278352,5.9049032,1.5983043999999997,0.7405212
Bacteroides_sp_20_3_thymd,0.000403152200236,0.000173412244726,4.6938204466999996e-05,2.174725634096486e-05
Bacteroides_sp_20_3_ttdca,13.7278352,5.9049032,1.5983043999999997,0.7405212
Bacteroides_sp_20_3_uri,13.724661461780112,5.903538045429191,1.5979348880057638,0.740349998903772
Bacteroides_sp_20_3_val_L,13.7278352,5.9049032,1.5983043999999997,0.7405212
Bacteroides_sp_20_3_xan,0.0081154088320904,0.0034907691477764,0.0009448608214737142,0.0004377698449373746
Bacteroides_sp_20_3_xyl_D,1.0,1.0,1.0,0.7405212
Bacteroides_sp_20_3_zn2,0.0002680153905272,0.0001152843776252,3.12044959534e-05,1.44575656482e-05
Bacteroides_ovatus_ATCC_8483_2obut,12.440900000000001,2.328162,26.900787199999996,0.4806908
Bacteroides_ovatus_ATCC_8483_ac,12.440900000000001,2.328162,26.900787199999996,8.2783256
Bacteroides_ovatus_ATCC_8483_acgal,12.440900000000001,2.328162,11.0,0.3051452
Bacteroides_ovatus_ATCC_8483_acgalglcur,5.0,2.328162,0.0,0.3051452
Bacteroides_ovatus_ATCC_8483_acgalidour2s,1.0,1.0,0.0,0.3051452
Bacteroides_ovatus_ATCC_8483_acgalidour,1.0,1.0,0.0,0.3051452
Bacteroides_ovatus_ATCC_8483_acgam,12.440900000000001,2.328162,26.900787199999996,1.2684036
Bacteroides_ovatus_ATCC_8483_adn,5.565414297801109,1.2346539312725338,11.453606451198247,4.520463478290747
Bacteroides_ovatus_ATCC_8483_adocbl,0.00036085500605,0.00036085500605,0.00036085500605,0.00036085500605
Bacteroides_ovatus_ATCC_8483_arab_L,1.0,1.0,1.0,1.0
Bacteroides_ovatus_ATCC_8483_arg_L,0.008965845607500002,0.00167784814935,0.01938672481536,0.039655527291990005
Bacteroides_ovatus_ATCC_8483_asn_L,12.440900000000001,2.328162,26.900787199999996,54.953757037177915
Bacteroides_ovatus_ATCC_8483_btn,0.01786663279938,0.01786663279938,0.01786663279938,0.01786663279938
Bacteroides_ovatus_ATCC_8483_ca2,0.00024288991115000002,4.5453870807e-05,0.0005251975188992,0.0010742910286678
Bacteroides_ovatus_ATCC_8483_cbl1,0.1,0.1,0.1,0.1
Bacteroides_ovatus_ATCC_8483_chtbs,0.1,0.1,0.1,0.1
Bacteroides_ovatus_ATCC_8483_cl,0.00024288991115000002,4.5453870807e-05,0.0005251975188992,0.0010742910286678
Bacteroides_ovatus_ATCC_8483_co2,12.440900000000001,2.328162,26.900787199999996,8.1783256
Bacteroides_ovatus_ATCC_8483_cobalt2,0.00024288991115000002,4.5453870807e-05,0.0005251975188992,0.0010742910286678
Bacteroides_ovatus_ATCC_8483_cspg_a,1.0,1.0,1.0,1.0
Bacteroides_ovatus_ATCC_8483_cspg_a_degr,3.0,2.328162,0.0,0.3051452
Bacteroides_ovatus_ATCC_8483_cspg_b,1.0,1.0,1.0,1.0
Bacteroides_ovatus_ATCC_8483_cspg_b_degr,1.0,1.0,0.0,0.3051452
Bacteroides_ovatus_ATCC_8483_cspg_c,1.0,1.0,1.0,1.0
Bacteroides_ovatus_ATCC_8483_cspg_c_degr,2.0,2.0,0.0,0.3051452
Bacteroides_ovatus_ATCC_8483_cu2,0.00024288991115000002,4.5453870807e-05,0.0005251975188992,0.0010742910286678
Bacteroides_ovatus_ATCC_8483_cys_L,12.440900000000001,2.328162,8.420125665242947,7.891829106797039
Bacteroides_ovatus_ATCC_8483_cytd,12.440900000000001,2.328162,26.900787199999996,55.025534799999996
Bacteroides_ovatus_ATCC_8483_dad_2,0.1,0.1,0.1,0.1
Bacteroides_ovatus_ATCC_8483_dcyt,12.440900000000001,2.328162,26.900787199999996,4.9798296
Bacteroides_ovatus_ATCC_8483_ddca,12.440900000000001,2.328162,13.940501248277933,14.215943498853314
Bacteroides_ovatus_ATCC_8483_dgchol,10.0,2.328162,10.0,10.0
Bacteroides_ovatus_ATCC_8483_dgsn,0.1,0.1,0.1,0.1
Bacteroides_ovatus_ATCC_8483_duri,0.1,0.1,0.1,0.1
Bacteroides_ovatus_ATCC_8483_fe2,0.1040526285253153,0.10691833743994897,0.10622174322572893,0.10912712991781506
Bacteroides_ovatus_ATCC_8483_fe3,0.00024288991115000002,4.5453870807e-05,0.0005251975188992,0.0010742910286678
Bacteroides_ovatus_ATCC_8483_for,12.440900000000001,2.328162,26.900787199999996,5.0553752
Bacteroides_ovatus_ATCC_8483_fru,12.440900000000001,2.328162,26.900787199999996,55.025534799999996
Bacteroides_ovatus_ATCC_8483_gal,9.256688744093125,2.328162,9.256688744093125,0.33511923915164593
Bacteroides_ovatus_ATCC_8483_gam26s,1.0,1.0,0.0,0.0
Bacteroides_ovatus_ATCC_8483_gam,4.1,2.328162,0.1,0.1
Bacteroides_ovatus_ATCC_8483_gcald,0.000628836167190016,0.00035945961777006374,0.0025361620202333235,0.0
Bacteroides_ovatus_ATCC_8483_gchola,10.0,2.328162,10.0,10.0
Bacteroides_ovatus_ATCC_8483_glc_D,12.440900000000001,2.328162,26.900787199999996,55.025534799999996
Bacteroides_ovatus_ATCC_8483_glcur,9.0,2.328162,0.0,0.3051452
Bacteroides_ovatus_ATCC_8483_gly,12.440900000000001,2.328162,26.900787199999996,44.637866691906105
Bacteroides_ovatus_ATCC_8483_glymet,0.1,0.1,0.1,0.1
Bacteroides_ovatus_ATCC_8483_gsn,0.00735461842805,0.0013763267246488296,0.01590279041469336,0.032529142767274595
Bacteroides_ovatus_ATCC_8483_h2,12.440900000000001,2.328162,26.900787199999996,8.20278
Bacteroides_ovatus_ATCC_8483_h2o,12.440900000000001,2.328162,26.900787199999996,55.025534799999996
Bacteroides_ovatus_ATCC_8483_h2s,12.440900000000001,2.328162,9.32362712436151,0.48065368771888467
Bacteroides_ovatus_ATCC_8483_h,12.440900000000001,2.328162,26.900787199999996,8.2783256
Bacteroides_ovatus_ATCC_8483_ha,1.0,1.0,1.0,1.0
Bacteroides_ovatus_ATCC_8483_ha_deg1,1.0,1.0,0.0,0.3051452
Bacteroides_ovatus_ATCC_8483_ha_pre1,1.0,1.0,0.0,0.3051452
Bacteroides_ovatus_ATCC_8483_hdca,12.437281191008001,2.32748478423744,26.89296229901926,55.00952897243737
Bacteroides_ovatus_ATCC_8483_hspg,1.0,1.0,1.0,1.0
Bacteroides_ovatus_ATCC_8483_hspg_degr_10,1.0,1.0,0.0,0.0
Bacteroides_ovatus_ATCC_8483_hspg_degr_11,1.0,1.0,0.0,0.0
Bacteroides_ovatus_ATCC_8483_hspg_degr_12,1.0,1.0,0.0,0.0
Bacteroides_ovatus_ATCC_8483_hspg_degr_1,1.0,1.0,0.0,0.0
Bacteroides_ovatus_ATCC_8483_hspg_degr_2,1.0,1.0,0.0,0.0
Bacteroides_ovatus_ATCC_8483_hspg_degr_3,1.0,1.0,0.0,0.0
Bacteroides_ovatus_ATCC_8483_hspg_degr_4,1.0,1.0,0.0,0.0
Bacteroides_ovatus_ATCC_8483_hspg_degr_5,1.0,1.0,0.0,0.0
Bacteroides_ovatus_ATCC_8483_hspg_degr_6,1.0,1.0,0.0,0.0
Bacteroides_ovatus_ATCC_8483_hspg_degr_7,1.0,1.0,0.0,0.0
Bacteroides_ovatus_ATCC_8483_hspg_degr_8,1.0,1.0,0.0,0.0
Bacteroides_ovatus_ATCC_8483_hspg_degr_9,1.0,1.0,0.0,0.0
Bacteroides_ovatus_ATCC_8483_indole,12.440900000000001,2.328162,1.00436126825366,3.322570075738048
Bacteroides_ovatus_ATCC_8483_ins,12.437533436475944,2.32753198888607,26.893507725930135,5.050343892980399
Bacteroides_ovatus_ATCC_8483_k,0.00024288991115000002,4.5453870807e-05,0.0005251975188992,0.0010742910286678
Bacteroides_ovatus_ATCC_8483_lac_D,12.440900000000001,2.328162,26.900787199999996,8.178325599999999
Bacteroides_ovatus_ATCC_8483_lcts,4.12671470494148,2.328162,4.12671470494148,4.12671470494148
Bacteroides_ovatus_ATCC_8483_leu_L,12.440900000000001,2.328162,26.900787199999996,51.83371386633477
Bacteroides_ovatus_ATCC_8483_lys_L,0.010374155487500002,0.00194139608775,0.0224318939264,0.04588441783135
Bacteroides_ovatus_ATCC_8483_malt,12.440900000000001,2.328162,8.593908380934463,8.498356203156685
Bacteroides_ovatus_ATCC_8483_man,0.1,0.1,0.1,0.1
Bacteroides_ovatus_ATCC_8483_meoh,1.0,1.668751612320926,0.0,0.0707651564292955
Bacteroides_ovatus_ATCC_8483_met_L,2.00488769992615,0.6575103229498693,2.010568606420019,2.021618074446248
Bacteroides_ovatus_ATCC_8483_mg2,0.00024288991115000002,4.5453870807e-05,0.0005251975188992,0.0010742910286678
Bacteroides_ovatus_ATCC_8483_mn2,0.00024288991115000002,4.5453870807e-05,0.0005251975188992,0.0010742910286678
Bacteroides_ovatus_ATCC_8483_nac,0.00048577982229458527,9.090774161357729e-05,0.001050395037797358,0.0021485820573357017
Bacteroides_ovatus_ATCC_8483_nh4,12.440900000000001,2.328162,26.900787199999996,9.1783256
Bacteroides_ovatus_ATCC_8483_no2,0.2,0.2,0.2,0.1
Bacteroides_ovatus_ATCC_8483_o2,0.00092535383610875,0.003247662817625,3.177791788750963e-05,0.00011323634795999999
Bacteroides_ovatus_ATCC_8483_orn,12.192289450212346,2.32748478423744,25.337428216963552,45.37799110065304
Bacteroides_ovatus_ATCC_8483_phe_L,12.440900000000001,2.328162,26.900787199999996,23.9357196527059
Bacteroides_ovatus_ATCC_8483_pheme,9.999796134724347,2.328162,9.999992998987267,9.999975052830182
Bacteroides_ovatus_ATCC_8483_pi,12.440900000000001,2.328162,13.779716176365843,14.205597783051783
Bacteroides_ovatus_ATCC_8483_pro_L,0.006700357717500001,0.00125388984915,0.01448809146624,0.02963537740491
Bacteroides_ovatus_ATCC_8483_pydam,0.00024288991115000002,4.5453870807e-05,6.355583577499999e-05,0.00022647269592000752
Bacteroides_ovatus_ATCC_8483_pydx,0.00024288991115000002,4.5453870807e-05,0.0005251975188992,0.0010742910286678
Bacteroides_ovatus_ATCC_8483_pydxn,0.00024288991115000002,4.5453870807e-05,0.0005251975188992,0.0010742910286678
Bacteroides_ovatus_ATCC_8483_rib_D,0.1,0.1,0.1,0.1
Bacteroides_ovatus_ATCC_8483_ser_L,12.440900000000001,2.328162,26.900787199999996,45.5575511591735
Bacteroides_ovatus_ATCC_8483_so4,12.440900000000001,2.328162,26.900787199999996,50.30502946156981
Bacteroides_ovatus_ATCC_8483_succ,12.440900000000001,2.328162,26.900787199999996,8.2783256
Bacteroides_ovatus_ATCC_8483_sucr,12.440900000000001,2.328162,26.900787199999996,55.025534799999996
Bacteroides_ovatus_ATCC_8483_tchola,10.0,2.328162,10.0,10.0
Bacteroides_ovatus_ATCC_8483_tdchola,10.0,2.328162,10.0,10.0
Bacteroides_ovatus_ATCC_8483_thr_L,12.440900000000001,2.328162,26.900787199999996,32.50955288020783
Bacteroides_ovatus_ATCC_8483_thymd,0.0003653581307503373,6.8372297535e-05,0.0007900088680960001,0.0016159623932389998
Bacteroides_ovatus_ATCC_8483_tre,0.1,0.1,0.1,0.1
Bacteroides_ovatus_ATCC_8483_trp_L,12.440900000000001,2.328162,13.00257538330185,4.554444485639954
Bacteroides_ovatus_ATCC_8483_ttdca,12.438185893256001,2.327654088178081,26.894918524264444,35.162142280036356
Bacteroides_ovatus_ATCC_8483_ura,0.1,0.1,0.1,0.1
Bacteroides_ovatus_ATCC_8483_uri,12.439090595504,2.32782339211872,26.896874749509628,5.788294133262373
Bacteroides_ovatus_ATCC_8483_val_L,12.440900000000001,2.328162,26.900787199999996,42.426802599063805
Bacteroides_ovatus_ATCC_8483_xan,0.1,0.1,0.1,0.1
Bacteroides_ovatus_ATCC_8483_xyl_D,1.0,1.0,1.0,1.0
Bacteroides_ovatus_ATCC_8483_zn2,0.00024288991115000002,4.5453870807e-05,0.0005251975188992,0.0010742910286678
Bacteroides_sp_2_1_33B_ac,11.4844392,7.358398800000001,0.0,2.9709048
Bacteroides_sp_2_1_33B_acmana,0.005310174997296,0.003402376437144,0.0,0.001373686961424
Bacteroides_sp_2_1_33B_adn,11.4844392,7.358398800000001,0.0,2.9709048
Bacteroides_sp_2_1_33B_arg_L,11.4844392,7.358398800000001,0.0,2.9709048
Bacteroides_sp_2_1_33B_asn_L,11.4844392,7.358398800000001,0.0,2.9709048
Bacteroides_sp_2_1_33B_btn,0.01786663279938,0.01786663279938,0.0,0.01786663279938
Bacteroides_sp_2_1_33B_ca2,0.00022421644872120002,0.00014366169897180001,0.0,5.80024598628e-05
Bacteroides_sp_2_1_33B_chtbs,0.1,0.1,0.0,0.1
Bacteroides_sp_2_1_33B_cl,0.00022421644872120002,0.00014366169897180001,0.0,5.80024598628e-05
Bacteroides_sp_2_1_33B_co2,11.4844392,7.358398800000001,0.0,2.9709048
Bacteroides_sp_2_1_33B_cobalt2,0.00022421644872120002,0.00014366169897180001,0.0,5.80024598628e-05
Bacteroides_sp_2_1_33B_cu2,0.00022421644872120002,0.00014366169897180001,0.0,5.80024598628e-05
Bacteroides_sp_2_1_33B_cytd,11.4844392,7.358398800000001,0.0,2.9709048
Bacteroides_sp_2_1_33B_dcyt,11.4844392,7.358398800000001,0.0,2.9709048
Bacteroides_sp_2_1_33B_ddca,11.475429760807554,7.352626202366988,0.0,2.9685741519225437
Bacteroides_sp_2_1_33B_dgchol,10.0,7.358398800000001,0.0,2.9709048
Bacteroides_sp_2_1_33B_dgsn,0.006789192757448401,0.004350024147402602,0.0,0.0017562934506396002
Bacteroides_sp_2_1_33B_duri,0.1,0.1,0.0,0.1
Bacteroides_sp_2_1_33B_fe2,0.00044843289744240004,0.00028732339794360003,0.0,0.0001160049197256
Bacteroides_sp_2_1_33B_fe3,0.00022421644872120002,0.00014366169897180001,0.0,5.80024598628e-05
Bacteroides_sp_2_1_33B_for,11.4844392,7.358398800000001,0.0,2.9709048
Bacteroides_sp_2_1_33B_fum,11.4844392,7.358398800000001,0.0,0.8405212
Bacteroides_sp_2_1_33B_gcald,0.0006288361671897384,0.0003594596177699961,0.0,0.0
Bacteroides_sp_2_1_33B_gchola,10.0,7.358398800000001,0.0,2.9709048
Bacteroides_sp_2_1_33B_gly,11.4844392,7.358398800000001,0.0,2.9709048
Bacteroides_sp_2_1_33B_glyc,11.4844392,7.358398800000001,0.0,0.5103739522094624
Bacteroides_sp_2_1_33B_glymet,0.1,0.1,0.0,0.1
Bacteroides_sp_2_1_33B_h2,11.4844392,7.358398800000001,0.0,2.9709048
Bacteroides_sp_2_1_33B_h2o,11.4844392,7.358398800000001,0.0,2.9709048
Bacteroides_sp_2_1_33B_h,11.4844392,7.358398800000001,0.0,2.9709048
Bacteroides_sp_2_1_33B_hdca,11.475429760807554,7.352626202366999,0.0,2.968574151922542
Bacteroides_sp_2_1_33B_ins,10.265923407005918,6.7480000499360555,0.0,2.620340224876422
Bacteroides_sp_2_1_33B_k,0.00022421644872120002,0.00014366169897180001,0.0,5.80024598628e-05
Bacteroides_sp_2_1_33B_lac_D,11.4844392,7.358398800000001,0.0,2.9709048
Bacteroides_sp_2_1_33B_leu_L,11.4844392,7.358398800000001,0.0,2.9709048
Bacteroides_sp_2_1_33B_lys_L,0.009576586737900001,0.006135984799350001,0.0,0.0024773632401
Bacteroides_sp_2_1_33B_met_L,1.007515078221524,0.9380584937072101,0.0,0.35848432479148995
Bacteroides_sp_2_1_33B_mg2,0.00022421644872120002,0.00014366169897180001,0.0,5.80024598628e-05
Bacteroides_sp_2_1_33B_mn2,0.00022421644872120002,0.00014366169897180001,0.0,5.80024598628e-05
Bacteroides_sp_2_1_33B_nac,0.00044843289744367354,0.00028732339794335093,0.0,0.0001160049197247437
Bacteroides_sp_2_1_33B_nh4,11.4844392,7.358398800000001,0.0,2.9709048
Bacteroides_sp_2_1_33B_no2,0.2,0.2,0.0,0.1
Bacteroides_sp_2_1_33B_o2,0.0009253538361087554,0.003247662817625,0.0,0.00011323634795999999
Bacteroides_sp_2_1_33B_orn,11.4844392,7.358398800000001,0.0,2.9709048
Bacteroides_sp_2_1_33B_pheme,9.999796134724347,7.358398800000001,0.0,2.9709048
Bacteroides_sp_2_1_33B_pi,11.4844392,7.358398800000001,0.0,2.9709048
Bacteroides_sp_2_1_33B_pro_L,11.4844392,7.358398800000001,0.0,2.9709048
Bacteroides_sp_2_1_33B_pydam,0.00022421644872120002,0.00014366169897180001,0.0,5.80024598628e-05
Bacteroides_sp_2_1_33B_pydx,0.00022421644872120002,0.00014366169897180001,0.0,5.80024598628e-05
Bacteroides_sp_2_1_33B_pydxn,0.00022421644872120002,0.00014366169897180001,0.0,5.80024598628e-05
Bacteroides_sp_2_1_33B_ser_L,11.4844392,7.358398800000001,0.0,2.9709048
Bacteroides_sp_2_1_33B_so4,0.00022421644872120002,0.00014366169897180001,0.0,5.80024598628e-05
Bacteroides_sp_2_1_33B_succ,11.4844392,7.358398800000001,0.0,2.9709048
Bacteroides_sp_2_1_33B_tchola,10.0,7.358398800000001,0.0,2.9709048
Bacteroides_sp_2_1_33B_tdchola,10.0,7.358398800000001,0.0,2.9709048
Bacteroides_sp_2_1_33B_thr_L,11.4844392,7.358398800000001,0.0,2.9709048
Bacteroides_sp_2_1_33B_thymd,0.000337269268206,0.00021609777675900017,0.0,8.7248046714e-05
Bacteroides_sp_2_1_33B_ttdca,11.475429760807552,7.352626202366991,0.0,2.9685741519225415
Bacteroides_sp_2_1_33B_uri,11.481784112501353,7.356697611781429,0.0,2.970217956519288
Bacteroides_sp_2_1_33B_val_L,11.4844392,7.358398800000001,0.0,2.9709048
Bacteroides_sp_2_1_33B_xan,0.00678919275745038,0.0043500241474026,0.0,0.0017562934506396566
Bacteroides_sp_2_1_33B_xyl_D,1.0,1.0,0.0,1.0
Bacteroides_sp_2_1_33B_zn2,0.00022421644872120002,0.00014366169897180001,0.0,5.80024598628e-05
Bacteroides_caccae_ATCC_43185_uri,0.0,35.9581910799625,0.0,0.305100819682112
Bacteroides_caccae_ATCC_43185_fe3,0.0,0.0007021318616076,0.0,5.957502312200001e-06
Bacteroides_caccae_ATCC_43185_ser_L,0.0,35.963421600000004,0.0,0.3051452
Bacteroides_caccae_ATCC_43185_core3,0.0,1.0,0.0,0.0
Bacteroides_caccae_ATCC_43185_sT_antigen,0.0,1.0,0.0,0.0
Bacteroides_caccae_ATCC_43185_core7,0.0,1.0,0.0,0.3051452
Bacteroides_caccae_ATCC_43185_nh4,0.0,35.963421600000004,0.0,0.3051452
Bacteroides_caccae_ATCC_43185_o2,0.0,0.003247662817625,0.0,0.00011323634795999999
Bacteroides_caccae_ATCC_43185_pro_L,0.0,35.963421600000004,0.0,0.3051452
Bacteroides_caccae_ATCC_43185_dsT_antigen,0.0,1.0,0.0,0.3051452
Bacteroides_caccae_ATCC_43185_ala_L,0.0,35.963421600000004,0.0,0.3051452
Bacteroides_caccae_ATCC_43185_ha_pre1,0.0,1.0,0.0,0.3051452
Bacteroides_caccae_ATCC_43185_2obut,0.0,25.53861761798989,0.0,0.3051452
Bacteroides_caccae_ATCC_43185_tre,0.0,0.1,0.0,0.1
Bacteroides_caccae_ATCC_43185_glcur,0.0,5.3603504,0.0,0.3051452
Bacteroides_caccae_ATCC_43185_ac,0.0,35.963421600000004,0.0,0.3051452
Bacteroides_caccae_ATCC_43185_fe2,0.0,0.1075749497629505,0.0,0.0381550650046244
Bacteroides_caccae_ATCC_43185_ura,0.0,0.1,0.0,0.1
Bacteroides_caccae_ATCC_43185_gcald,0.0,0.0003594596177660896,0.0,0.0
Bacteroides_caccae_ATCC_43185_pydxn,0.0,0.0007021318616076,0.0,5.957502312200001e-06
Bacteroides_caccae_ATCC_43185_acgam,0.0,34.5958992,0.0,0.3051452
Bacteroides_caccae_ATCC_43185_mg2,0.0,0.0007021318616076,0.0,5.957502312200001e-06
Bacteroides_caccae_ATCC_43185_h2o,0.0,35.963421600000004,0.0,0.3051452
Bacteroides_caccae_ATCC_43185_no2,0.0,0.2,0.0,0.1
Bacteroides_caccae_ATCC_43185_dgsn,0.0,0.1,0.0,0.1
Bacteroides_caccae_ATCC_43185_h,0.0,35.963421600000004,0.0,0.3051452
Bacteroides_caccae_ATCC_43185_ca2,0.0,0.0007021318616076,0.0,5.957502312200001e-06
Bacteroides_caccae_ATCC_43185_duri,0.0,0.1,0.0,0.1
Bacteroides_caccae_ATCC_43185_cobalt2,0.0,0.0007021318616076,0.0,5.957502312200001e-06
Bacteroides_caccae_ATCC_43185_k,0.0,0.0007021318616076,0.0,5.957502312200001e-06
Bacteroides_caccae_ATCC_43185_malt,0.0,13.02326824760113,0.0,0.3051452
Bacteroides_caccae_ATCC_43185_ha,0.0,1.0,0.0,0.3051452
Bacteroides_caccae_ATCC_43185_cl,0.0,0.0007021318616076,0.0,5.957502312200001e-06
Bacteroides_caccae_ATCC_43185_thr_L,0.0,35.963421600000004,0.0,0.3051452
Bacteroides_caccae_ATCC_43185_pydam,0.0,0.0007021318616076,0.0,5.957502312200001e-06
Bacteroides_caccae_ATCC_43185_zn2,0.0,0.0007021318616076,0.0,5.957502312200001e-06
Bacteroides_caccae_ATCC_43185_xyl_D,0.0,1.0,0.0,0.3051452
Bacteroides_caccae_ATCC_43185_arab_L,0.0,1.0,0.0,0.3051452
Bacteroides_caccae_ATCC_43185_thymd,0.0,0.0010561557838379993,0.0,8.961351661e-06
Bacteroides_caccae_ATCC_43185_ttdca,0.0,35.955575819943746,0.0,0.305078629523168
Bacteroides_caccae_ATCC_43185_ha_deg1,0.0,1.0,0.0,0.3051452
Bacteroides_caccae_ATCC_43185_cspg_b,0.0,1.0,0.0,0.3051452
Bacteroides_caccae_ATCC_43185_strch2,0.0,1.1523775,0.0,0.0188864
Bacteroides_caccae_ATCC_43185_f1a,0.0,1.0,0.0,0.3051452
Bacteroides_caccae_ATCC_43185_acgal,0.0,16.3603504,0.0,0.3051452
Bacteroides_caccae_ATCC_43185_cspg_c,0.0,1.0,0.0,0.2788589
Bacteroides_caccae_ATCC_43185_meoh,0.0,0.9550840258215525,0.0,0.3051452
Bacteroides_caccae_ATCC_43185_gam,0.0,2.8801751999999996,0.0,0.3051452
Bacteroides_caccae_ATCC_43185_cu2,0.0,0.0007021318616076,0.0,5.957502312200001e-06
Bacteroides_caccae_ATCC_43185_sTn_antigen,0.0,1.0,0.0,0.3051452
Bacteroides_caccae_ATCC_43185_core2,0.0,1.0,0.0,0.0
Bacteroides_caccae_ATCC_43185_pheme,0.0,9.999284505397066,0.0,0.3051452
Bacteroides_caccae_ATCC_43185_ddca,0.0,17.030510871573433,0.0,0.3051452
Bacteroides_caccae_ATCC_43185_cspg_a,0.0,1.0,0.0,0.2788589
Bacteroides_caccae_ATCC_43185_gncore1,0.0,1.0,0.0,0.3051452
Bacteroides_caccae_ATCC_43185_lac_D,0.0,35.963421600000004,0.0,0.3051452
Bacteroides_caccae_ATCC_43185_melib,0.0,0.1,0.0,0.1
Bacteroides_caccae_ATCC_43185_asn_L,0.0,35.963421600000004,0.0,0.3051452
Bacteroides_caccae_ATCC_43185_met_L,0.0,2.0141290753159673,0.0,0.13982843335244066
Bacteroides_caccae_ATCC_43185_core5,0.0,1.0,0.0,0.3051452
Bacteroides_caccae_ATCC_43185_acnam,0.0,3.1,0.0,0.1
Bacteroides_caccae_ATCC_43185_dad_2,0.0,0.1,0.0,0.1
Bacteroides_caccae_ATCC_43185_h2s,0.0,13.095736923933133,0.0,0.3051452
Bacteroides_caccae_ATCC_43185_fru,0.0,35.963421600000004,0.0,0.3051452
Bacteroides_caccae_ATCC_43185_cys_L,0.0,14.529712351492217,0.0,0.3051452
Bacteroides_caccae_ATCC_43185_chtbs,0.0,0.1,0.0,0.1
Bacteroides_caccae_ATCC_43185_gsn,0.0,0.021260298148453205,0.0,0.00018039100958538545
Bacteroides_caccae_ATCC_43185_gncore2,0.0,1.0,0.0,0.3051452
Bacteroides_caccae_ATCC_43185_acgalidour2s,0.0,1.0,0.0,0.3051452
Bacteroides_caccae_ATCC_43185_glc_D,0.0,35.963421600000004,0.0,0.3051452
Bacteroides_caccae_ATCC_43185_leu_L,0.0,35.963421600000004,0.0,0.3051452
Bacteroides_caccae_ATCC_43185_arg_L,0.0,0.025917938861580003,0.0,0.00021991051701000002
Bacteroides_caccae_ATCC_43185_acgalidour,0.0,1.0,0.0,0.3051452
Bacteroides_caccae_ATCC_43185_cspg_b_degr,0.0,1.0,0.0,0.3051452
Bacteroides_caccae_ATCC_43185_cspg_a_degr,0.0,3.0,0.0,0.3051452
Bacteroides_caccae_ATCC_43185_core8,0.0,1.0,0.0,0.3051452
Bacteroides_caccae_ATCC_43185_cspg_c_degr,0.0,2.0,0.0,0.3051452
Bacteroides_caccae_ATCC_43185_Tn_antigen,0.0,9.0,0.0,0.0
Bacteroides_caccae_ATCC_43185_succ,0.0,35.963421600000004,0.0,0.3051452
Bacteroides_caccae_ATCC_43185_T_antigen,0.0,3.0,0.0,0.0
Bacteroides_caccae_ATCC_43185_nac,0.0,0.0014042637231952426,0.0,1.1915004624357683e-05
Bacteroides_caccae_ATCC_43185_mn2,0.0,0.0007021318616076,0.0,5.957502312200001e-06
Bacteroides_caccae_ATCC_43185_h2,0.0,35.963421600000004,0.0,0.3051452
Bacteroides_caccae_ATCC_43185_core6,0.0,1.0,0.0,0.0
Bacteroides_caccae_ATCC_43185_xan,0.0,0.1,0.0,0.1
Bacteroides_caccae_ATCC_43185_rib_D,0.0,0.1,0.0,0.1
Bacteroides_caccae_ATCC_43185_acgalglcur,0.0,5.0,0.0,0.3051452
Bacteroides_caccae_ATCC_43185_sucr,0.0,35.963421600000004,0.0,0.3051452
Bacteroides_caccae_ATCC_43185_adn,0.0,26.723379039803884,0.0,0.3051452
Bacteroides_caccae_ATCC_43185_gal,0.0,9.256688744093125,0.0,0.0299740391516459
Bacteroides_caccae_ATCC_43185_ins,0.0,35.94873065016667,0.0,0.30502054910123555
Bacteroides_caccae_ATCC_43185_man,0.0,0.1,0.0,0.1
Bacteroides_caccae_ATCC_43185_so4,0.0,35.963421600000004,0.0,0.3051452
Bacteroides_caccae_ATCC_43185_pi,0.0,13.98245790484015,0.0,0.3051452
Bacteroides_caccae_ATCC_43185_for,0.0,35.963421600000004,0.0,0.3051452
Bacteroides_caccae_ATCC_43185_pydx,0.0,0.0007021318616076,0.0,5.957502312200001e-06
Bacteroides_caccae_ATCC_43185_core4,0.0,1.0,0.0,0.3051452
Bacteroides_caccae_ATCC_43185_cytd,0.0,35.963421600000004,0.0,0.3051452
Bacteroides_caccae_ATCC_43185_btn,0.0,0.01786663279938,0.0,0.01786663279938
Bacteroides_caccae_ATCC_43185_lcts,0.0,4.12671470494148,0.0,0.3051452
Bacteroides_caccae_ATCC_43185_strch1,0.0,8.990855400000001,0.0,0.0762863
Bacteroides_caccae_ATCC_43185_co2,0.0,35.963421600000004,0.0,0.3051452
Bacteroides_caccae_ATCC_43185_hdca,0.0,35.952960559924996,0.0,0.305056439364224
Bacteroides_caccae_ATCC_43185_dcyt,0.0,35.963421600000004,0.0,0.3051452
Bacteroides_caccae_ATCC_43185_lys_L,0.0,0.029988998186700002,0.0,0.00025445295365
