,SRS011061,SRS011134,SRS054956,SRS012902
Parabacteroides_merdae_ATCC_43184_26dap_M,-79.62709047486422,-4.607363842105815,-0.075540106323968,-0.8102981547100313
Bacteroides_vulgatus_ATCC_8482_26dap_M,-27.06673411930285,-15.47207111875155,0.0,-109.16296909551973
Alistipes_putredinis_DSM_17216_26dap_M,0.0016466573257982002,0.00577918149975243,0.0002015028788328864,5.6548467457712995e-05
Bacteroides_sp_20_3_2hyoxplac,-0.0009253538361087501,-0.003247662817625,-0.00011323634795999999,-3.177791788750036e-05
Bacteroides_sp_2_1_33B_2hyoxplac,-0.0009253538361087502,-0.003247662817624999,-0.00011323634795999999,0.0
Bacteroides_cellulosilyticus_DSM_14838_2obut,-99.345048,-3.0321884,0.0,0.0
Parabacteroides_merdae_ATCC_43184_2obut,-79.66418159999999,-4.60951,-0.0755456,-0.8106755999999999
Bacteroides_vulgatus_ATCC_8482_2obut,-27.06093680424884,-15.46875721798989,0.0,-109.13958791767651
Bacteroides_ovatus_ATCC_8483_2obut,-12.440900000000001,-2.328162,-55.025534799999996,-26.900787199999968
Parabacteroides_merdae_ATCC_43184_4abut,-79.66418159999999,-4.60951,-0.0755456,-0.8106755999999999
Bacteroides_vulgatus_ATCC_8482_4abut,-27.077288,-15.478104,0.0,-109.205534
Bacteroides_ovatus_ATCC_8483_4abut,-12.440900000000001,-2.328162,-55.025534799999996,-26.900787199999996
Alistipes_putredinis_DSM_17216_4hbz,0.00020386527565207816,0.0007154946029340449,2.49471698175216e-05,7.0010127337095e-06
Bacteroides_vulgatus_ATCC_8482_C02528,-20.0,-15.478104,0.0,-20.0
Alistipes_putredinis_DSM_17216_C02528,-20.0,-20.0,-3.2229503999999998,-0.9044679999999999
Bacteroides_sp_4_3_47FAA_C02528,-20.0,-13.657444799999999,-0.8632584000000001,-20.0
Bacteroides_sp_20_3_C02528,-13.7278352,-5.9049032,-0.7405212,-1.5983043999999997
Bacteroides_ovatus_ATCC_8483_C02528,-12.440900000000001,-2.328162,-20.0,-20.0
Bacteroides_sp_2_1_33B_C02528,-11.4844392,-7.358398800000001,-2.9709048,0.0
Bacteroides_vulgatus_ATCC_8482_Ser_Thr,-9.0,-9.0,0.0,-9.0
Bacteroides_vulgatus_ATCC_8482_T_antigen,-3.0,-3.0,0.0,-3.0
Bacteroides_vulgatus_ATCC_8482_Tn_antigen,-9.0,-9.0,0.0,-9.0
Bacteroides_cellulosilyticus_DSM_14838_ac,-99.345048,-3.0321884,0.0,0.0
Parabacteroides_merdae_ATCC_43184_ac,-79.66418159999999,-4.60951,-0.0755456,-0.8106755999999677
Bacteroides_vulgatus_ATCC_8482_ac,-27.077288,-15.478104,0.0,-109.205534
Alistipes_putredinis_DSM_17216_ac,-26.337563599999953,-92.43548,-3.222950399999945,-0.9044679999999999
Bacteroides_sp_4_3_47FAA_ac,-25.0670512,-13.657444799999999,-0.8632583999999497,-100.54539039999999
Bacteroides_sp_20_3_ac,-13.7278352,-5.9049032,-0.7405212,-1.5983043999999997
Bacteroides_ovatus_ATCC_8483_ac,-12.440900000000001,-2.328162,-55.025534799999996,-26.900787199999996
Bacteroides_sp_2_1_33B_ac,-11.4844392,-7.358398800000001,-2.9709048,0.0
Bacteroides_vulgatus_ATCC_8482_acald,-27.077288,-15.478104,0.0,-109.205534
Bacteroides_cellulosilyticus_DSM_14838_acgal,-6.0,-3.0321884,0.0,0.0
Bacteroides_vulgatus_ATCC_8482_acgal,-11.0,-11.0,0.0,-11.0
Bacteroides_ovatus_ATCC_8483_acgal,-6.0,-2.328162,-6.0,-6.0
Bacteroides_cellulosilyticus_DSM_14838_acgalglcur,-5.0,-3.0321884,0.0,0.0
Bacteroides_ovatus_ATCC_8483_acgalglcur,-5.0,-2.328162,-5.0,-5.0
Bacteroides_cellulosilyticus_DSM_14838_acgalidour2s,-1.0,-1.0,0.0,0.0
Bacteroides_ovatus_ATCC_8483_acgalidour2s,-1.0,-1.0,-1.0,-1.0
Bacteroides_cellulosilyticus_DSM_14838_acgalidour,-1.0,-1.0,0.0,0.0
Bacteroides_ovatus_ATCC_8483_acgalidour,-1.0,-1.0,-1.0,-1.0
Bacteroides_cellulosilyticus_DSM_14838_acgam,-99.345048,-3.0321884,0.0,0.0
Bacteroides_vulgatus_ATCC_8482_acgam,-27.077288,-15.478104,0.0,-109.205534
Bacteroides_sp_4_3_47FAA_acgam,-23.49386988055133,-13.657444799999999,-0.8632584000000001,-79.5301081426704
Bacteroides_ovatus_ATCC_8483_acgam,-12.440900000000001,-2.328162,-55.025534799999946,-26.900787199999996
Parabacteroides_merdae_ATCC_43184_acmana,-79.66418159999999,-4.60951,-0.0755456,-0.8106755999999999
Bacteroides_sp_2_1_33B_acmana,-5.741224010904844,-4.257043527480594,-1.5682262950963444,0.0
Bacteroides_vulgatus_ATCC_8482_acnam,-3.0,-3.0,0.0,-3.0
Parabacteroides_merdae_ATCC_43184_ade,-62.18467855578685,-4.60951,-0.0755456,-0.8106755999999999
Bacteroides_vulgatus_ATCC_8482_ade,-27.077288,-15.478104,0.0,-69.90301954492186
Bacteroides_cellulosilyticus_DSM_14838_adn,-29.562795970927226,-1.7968418742741474,0.0,0.0
Parabacteroides_merdae_ATCC_43184_adn,-40.1961211839016,-4.60951,-0.0755456,-0.8106755999999999
Bacteroides_vulgatus_ATCC_8482_adn,-2.1385873494139833,-8.651087541513505,0.0,-33.41051165801059
Alistipes_putredinis_DSM_17216_adn,-2.8551281462228975,-7.948414413537227,-0.593073642639565,-0.16643635949560934
Bacteroides_sp_4_3_47FAA_adn,-7.410904847042242,-4.674485551562315,-0.30398701171437637,-22.988495001286772
Bacteroides_sp_20_3_adn,-2.4323929728008675,-1.8825947637894427,-0.7393719877415436,-1.2132593704076806
Bacteroides_ovatus_ATCC_8483_adn,-5.180306761892504,-1.824098535836617,-22.27741681779473,-10.760608289095984
Bacteroides_sp_2_1_33B_adn,-2.1746801618642193,-1.839168330386347,-1.5195788951396967,0.0
Bacteroides_cellulosilyticus_DSM_14838_ala_L,-99.17320024055428,-3.026943299280361,0.0,0.0
Alistipes_putredinis_DSM_17216_ala_L,-26.304446549997635,-92.31925093418192,-3.218897837994912,-0.90333071515329
Bacteroides_sp_4_3_47FAA_ala_L,-25.023690039364883,-13.633820056382888,-0.8617651295768712,-100.37146627986837
Burkholderiales_bacterium_1_1_47_ala_L,0.03053057899335634,0.01178763141917798,0.0,0.016420891565946068
Parabacteroides_merdae_ATCC_43184_arg_L,-66.8226404662873,-4.414674164289816,-0.06703835929123397,-0.7798053353085697
Bacteroides_vulgatus_ATCC_8482_arg_L,-26.98461923109456,-15.425132046432484,0.0,-93.56711919447837
Alistipes_putredinis_DSM_17216_arg_L,0.01644593325671705,0.057719375934705046,0.0020125030535516016,0.0005647758686698095
Bacteroides_sp_4_3_47FAA_arg_L,-19.243211820855006,-10.53267485056098,-0.6992848657199604,-72.3967368313729
Bacteroides_sp_20_3_arg_L,-8.819540378746312,-4.150783647796874,-0.6019789486585804,-1.2953102643885746
Bacteroides_ovatus_ATCC_8483_arg_L,-12.4283153454005,-2.32580693608809,-45.738319116442064,-26.11609882622523
Bacteroides_sp_2_1_33B_arg_L,-7.2453316956388445,-4.762445988394489,-1.8592963109134466,0.0
Bacteroides_cellulosilyticus_DSM_14838_asn_L,-99.345048,-3.0321884,0.0,0.0
Parabacteroides_merdae_ATCC_43184_asn_L,-79.66418159999999,-4.60951,-0.0755456,-0.8106755999999999
Bacteroides_vulgatus_ATCC_8482_asn_L,-27.077288,-15.478104,0.0,-109.205534
Alistipes_putredinis_DSM_17216_asn_L,0.013222109901245555,0.0464049026666379,0.0016180010057977921,0.00045406536002289
Bacteroides_sp_4_3_47FAA_asn_L,-25.0670512,-13.657444799999999,-0.8632584000000001,-100.54539039999999
Burkholderiales_bacterium_1_1_47_asn_L,0.009215468635092589,0.0035580244858476125,0.0,0.004956545737935793
Bacteroides_sp_20_3_asn_L,-13.7278352,-5.9049032,-0.7405212,-1.5983043999999997
Bacteroides_ovatus_ATCC_8483_asn_L,-12.440900000000001,-2.328162,-55.025534799999996,-26.900787199999996
Bacteroides_sp_2_1_33B_asn_L,-11.4844392,-7.358398800000001,-2.9709048,0.0
Bacteroides_cellulosilyticus_DSM_14838_ca2,0.0019393690883235373,5.919301033437726e-05,0.0,0.0
Parabacteroides_merdae_ATCC_43184_ca2,0.001555168117102653,8.998476910815151e-05,1.4747670301478402e-06,1.582564235409234e-05
Bacteroides_vulgatus_ATCC_8482_ca2,0.000209591094524427,0.00011980789060274101,0.0,0.0008453028013434921
Alistipes_putredinis_DSM_17216_ca2,0.00020386527565207816,0.0007154946029340449,2.49471698175216e-05,7.0010127337095e-06
Bacteroides_sp_4_3_47FAA_ca2,0.0004893476344457897,0.0002666144594404447,1.685213998986276e-05,0.0019628016296814525
Burkholderiales_bacterium_1_1_47_ca2,0.00030666132929475055,0.00011839967794349048,0.0,0.00016493799337751738
Bacteroides_sp_20_3_ca2,0.00026798858898814725,0.00011527284918743748,1.4456119891635182e-05,3.1201375503804654e-05
Bacteroides_ovatus_ATCC_8483_ca2,0.00024286562215888503,4.54493254199193e-05,0.0010741835995649333,0.00052514499914731
Bacteroides_sp_2_1_33B_ca2,0.00022419402707632788,0.00014364733280190282,5.7996659616813717e-05,0.0
Bacteroides_vulgatus_ATCC_8482_cholate,-20.0,-15.478104,0.0,-20.0
Alistipes_putredinis_DSM_17216_cholate,-20.0,-20.0,-3.2229503999999998,-0.9044679999999999
Bacteroides_sp_4_3_47FAA_cholate,-20.0,-13.657444799999999,-0.8632584000000001,-20.0
Bacteroides_sp_20_3_cholate,-13.7278352,-5.9049032,-0.7405212,-1.5983043999999997
Bacteroides_ovatus_ATCC_8483_cholate,-12.440900000000001,-2.328162,-20.0,-20.0
Bacteroides_sp_2_1_33B_cholate,-11.4844392,-7.358398800000001,-2.9709048,0.0
Parabacteroides_merdae_ATCC_43184_chor,-60.209052434255284,-4.458138736729802,-0.07187543882021871,-0.7859806996700769
Bacteroides_vulgatus_ATCC_8482_chor,-19.04925796453398,-14.793231294152095,0.0,-78.06542792255645
Bacteroides_cellulosilyticus_DSM_14838_cl,0.0019393690883235373,5.919301033437726e-05,0.0,0.0
Parabacteroides_merdae_ATCC_43184_cl,0.001555168117102653,8.998476910815151e-05,1.4747670301478402e-06,1.582564235409234e-05
Bacteroides_vulgatus_ATCC_8482_cl,0.000209591094524427,0.00011980789060274101,0.0,0.0008453028013434921
Alistipes_putredinis_DSM_17216_cl,0.00020386527565207816,0.0007154946029340449,2.49471698175216e-05,7.0010127337095e-06
Bacteroides_sp_4_3_47FAA_cl,0.0004893476344457897,0.0002666144594404447,1.685213998986276e-05,0.0019628016296814525
Burkholderiales_bacterium_1_1_47_cl,0.00030666132929475055,0.00011839967794349048,0.0,0.00016493799337751738
Bacteroides_sp_20_3_cl,0.00026798858898814725,0.00011527284918743748,1.4456119891635182e-05,3.1201375503804654e-05
Bacteroides_ovatus_ATCC_8483_cl,0.00024286562215888503,4.54493254199193e-05,0.0010741835995649333,0.00052514499914731
Bacteroides_sp_2_1_33B_cl,0.00022419402707632788,0.00014364733280190282,5.7996659616813717e-05,0.0
Bacteroides_cellulosilyticus_DSM_14838_co2,-99.345048,-3.0321884,0.0,0.0
Parabacteroides_merdae_ATCC_43184_co2,-79.6641816,-4.60951,-0.0755456,-0.8106755999999677
Bacteroides_vulgatus_ATCC_8482_co2,-27.077287999999953,-15.478104,0.0,-109.205534
Alistipes_putredinis_DSM_17216_co2,-26.337563599999953,-92.43547999999998,-3.222950399999945,-0.9044679999999999
Bacteroides_sp_4_3_47FAA_co2,-25.0670512,-13.657444799999999,-0.8632584000000001,-100.54539039999997
Burkholderiales_bacterium_1_1_47_co2,-15.7088636,-6.065076400000001,0.0,-8.4490224
Bacteroides_sp_20_3_co2,-13.7278352,-5.904903200000035,-0.7405212,-1.5983043999999609
Bacteroides_ovatus_ATCC_8483_co2,-12.440900000000001,-2.328162,-55.025534799999996,-26.900787199999996
Bacteroides_sp_2_1_33B_co2,-11.4844392,-7.358398800000001,-2.970904799999971,0.0
Bacteroides_cellulosilyticus_DSM_14838_cobalt2,0.0019393690883235373,5.919301033437726e-05,0.0,0.0
Parabacteroides_merdae_ATCC_43184_cobalt2,0.001555168117102653,8.998476910815151e-05,1.4747670301478402e-06,1.582564235409234e-05
Bacteroides_vulgatus_ATCC_8482_cobalt2,0.000209591094524427,0.00011980789060274101,0.0,0.0008453028013434921
Alistipes_putredinis_DSM_17216_cobalt2,0.00020386527565207816,0.0007154946029340449,2.49471698175216e-05,7.0010127337095e-06
Bacteroides_sp_4_3_47FAA_cobalt2,0.0004893476344457897,0.0002666144594404447,1.685213998986276e-05,0.0019628016296814525
Burkholderiales_bacterium_1_1_47_cobalt2,0.00030666132929475055,0.00011839967794349048,0.0,0.00016493799337751738
Bacteroides_sp_20_3_cobalt2,0.00026798858898814725,0.00011527284918743748,1.4456119891635182e-05,3.1201375503804654e-05
Bacteroides_ovatus_ATCC_8483_cobalt2,0.00024286562215888503,4.54493254199193e-05,0.0010741835995649333,0.00052514499914731
Bacteroides_sp_2_1_33B_cobalt2,0.00022419402707632788,0.00014364733280190282,5.7996659616813717e-05,0.0
Bacteroides_vulgatus_ATCC_8482_core2,-1.0,-1.0,0.0,-1.0
Bacteroides_vulgatus_ATCC_8482_core3,-1.0,-1.0,0.0,-1.0
Bacteroides_vulgatus_ATCC_8482_core6,-1.0,-1.0,0.0,-1.0
Bacteroides_cellulosilyticus_DSM_14838_cspg_a_degr,-3.0,-3.0,0.0,0.0
Bacteroides_ovatus_ATCC_8483_cspg_a_degr,-3.0,-2.328162,-3.0,-3.0
Bacteroides_cellulosilyticus_DSM_14838_cspg_ab_rest,-2.0,-2.0,0.0,0.0
Bacteroides_ovatus_ATCC_8483_cspg_ab_rest,-2.0,-2.0,-2.0,-2.0
Bacteroides_cellulosilyticus_DSM_14838_cspg_b_degr,-1.0,-1.0,0.0,0.0
Bacteroides_ovatus_ATCC_8483_cspg_b_degr,-1.0,-1.0,-1.0,-1.0
Bacteroides_cellulosilyticus_DSM_14838_cspg_c_degr,-2.0,-2.0,0.0,0.0
Bacteroides_ovatus_ATCC_8483_cspg_c_degr,-2.0,-2.0,-2.0,-2.0
Bacteroides_cellulosilyticus_DSM_14838_cspg_c_rest,-1.0,-1.0,0.0,0.0
Bacteroides_ovatus_ATCC_8483_cspg_c_rest,-1.0,-1.0,-1.0,-1.0
Bacteroides_cellulosilyticus_DSM_14838_cu2,0.0019393690883235373,5.919301033437726e-05,0.0,0.0
Parabacteroides_merdae_ATCC_43184_cu2,0.001555168117102653,8.998476910815151e-05,1.4747670301478402e-06,1.582564235409234e-05
Bacteroides_vulgatus_ATCC_8482_cu2,0.000209591094524427,0.00011980789060274101,0.0,0.0008453028013434921
Alistipes_putredinis_DSM_17216_cu2,0.00020386527565207816,0.0007154946029340449,2.49471698175216e-05,7.0010127337095e-06
Bacteroides_sp_4_3_47FAA_cu2,0.0004893476344457897,0.0002666144594404447,1.685213998986276e-05,0.0019628016296814525
Burkholderiales_bacterium_1_1_47_cu2,0.00030666132929475055,0.00011839967794349048,0.0,0.00016493799337751738
Bacteroides_sp_20_3_cu2,0.00026798858898814725,0.00011527284918743748,1.4456119891635182e-05,3.1201375503804654e-05
Bacteroides_ovatus_ATCC_8483_cu2,0.00024286562215888503,4.54493254199193e-05,0.0010741835995649333,0.00052514499914731
Bacteroides_sp_2_1_33B_cu2,0.00022419402707632788,0.00014364733280190282,5.7996659616813717e-05,0.0
Parabacteroides_merdae_ATCC_43184_cys_L,-79.66418159999999,-4.60951,-0.0755456,-0.8106755999999999
Alistipes_putredinis_DSM_17216_cys_L,0.0050132489196845305,0.017594720502185263,0.0006134755992006488,0.0001721618329172494
Burkholderiales_bacterium_1_1_47_cys_L,-0.09589259007726128,-0.09841415931655755,0.0,-0.09779082692886826
Bacteroides_ovatus_ATCC_8483_cys_L,-12.4376467419727,-2.327553192621508,-55.01114578772642,-26.89375272484959
Bacteroides_cellulosilyticus_DSM_14838_cytd,-96.59129547046888,-3.0296995342784543,0.0,0.0
Parabacteroides_merdae_ATCC_43184_cytd,-79.5941129690737,-4.605455705479501,-0.07547915386752002,-0.80996257027602
Bacteroides_vulgatus_ATCC_8482_cytd,-27.06205986861524,-15.469399191700923,0.0,-109.14411735370606
Alistipes_putredinis_DSM_17216_cytd,-26.322751485919184,-88.94957921419623,-3.221137828809792,-0.9039593317191398
Bacteroides_sp_4_3_47FAA_cytd,-23.99709891259509,-13.074495725245379,-0.8264114133977016,-96.25374996777714
Bacteroides_sp_20_3_cytd,-13.715390025081911,-5.899550021430493,-0.7398498693983222,-1.5968554331716405
Bacteroides_ovatus_ATCC_8483_cytd,-12.430688322666501,-2.32625100970797,-32.83809257080278,-26.87870663035435
Bacteroides_sp_2_1_33B_cytd,-11.47402780937665,-7.351727933191879,-2.9682114816899885,0.0
Bacteroides_cellulosilyticus_DSM_14838_dad_2,-30.600285804120745,-1.730729611294729,0.0,0.0
Parabacteroides_merdae_ATCC_43184_dad_2,-13.79861877142744,-1.3069342538991306,-0.0755456,-0.8106755999999999
Bacteroides_vulgatus_ATCC_8482_dad_2,-14.383232467845888,-7.551283029466016,0.0,-35.445281456782894
Alistipes_putredinis_DSM_17216_dad_2,-3.707180860302694,-8.340109286184482,-0.6945781087660815,-0.2668585631598461
Bacteroides_sp_4_3_47FAA_dad_2,-6.476767355895734,-4.765297460041351,-0.4664126387691955,-22.46116767360955
Bacteroides_sp_20_3_dad_2,-2.863558866758187,-1.6415614924324982,-0.7006726765895381,-1.0388547067957035
Bacteroides_ovatus_ATCC_8483_dad_2,-4.404192092127251,-1.255582873022854,-21.8590492344945,-10.68114401998938
Bacteroides_sp_2_1_33B_dad_2,-2.577928885623645,-1.6308300024026121,-1.2573911743898094,0.0
Bacteroides_cellulosilyticus_DSM_14838_dcyt,-80.41506358952711,-3.0321884,0.0,0.0
Bacteroides_vulgatus_ATCC_8482_dcyt,-27.077288,-15.478104,0.0,-60.60469225777549
Bacteroides_sp_4_3_47FAA_dcyt,-25.0670512,-13.657444799999999,-0.8632584000000001,-78.46002472449626
Bacteroides_sp_20_3_dcyt,-13.7278352,-5.9049032,-0.7405212,-1.5983043999999997
Bacteroides_ovatus_ATCC_8483_dcyt,-8.978780937424887,-2.328162,-55.025534799999996,-20.420520704181328
Bacteroides_sp_2_1_33B_dcyt,-11.4844392,-7.358398800000001,-2.9709048,0.0
Parabacteroides_merdae_ATCC_43184_ddca,-15.899235880141477,-0.9199578193102398,-0.015077256679014387,-0.1617931964881344
Bacteroides_sp_20_3_ddca,-2.74556704,-1.18098064,-0.14810424,-0.31966088
Bacteroides_sp_2_1_33B_ddca,-2.2950859521614917,-1.4705252404733984,-0.5937148303845086,0.0
Bacteroides_vulgatus_ATCC_8482_etoh,-27.077288,-15.478104,0.0,-109.20553399999994
Bacteroides_cellulosilyticus_DSM_14838_fe2,0.0019393690883235373,5.919301033437726e-05,0.0,0.0
Parabacteroides_merdae_ATCC_43184_fe2,0.001555168117102653,8.998476910815151e-05,1.4747670301478402e-06,1.582564235409234e-05
Bacteroides_vulgatus_ATCC_8482_fe2,0.000209591094524427,0.00011980789060274101,0.0,0.0008453028013434921
Alistipes_putredinis_DSM_17216_fe2,0.00020386527565207816,0.0007154946029340449,2.49471698175216e-05,7.0010127337095e-06
Bacteroides_sp_4_3_47FAA_fe2,0.0004893476344457897,0.0002666144594404447,1.685213998986276e-05,0.0019628016296814525
Burkholderiales_bacterium_1_1_47_fe2,0.00030666132929475055,0.00011839967794349048,0.0,0.00016493799337751738
Bacteroides_sp_20_3_fe2,0.00026798858898814725,0.00011527284918743748,1.4456119891635182e-05,3.1201375503804654e-05
Bacteroides_ovatus_ATCC_8483_fe2,0.00024286562215888503,4.54493254199193e-05,0.0010741835995649333,0.00052514499914731
Bacteroides_sp_2_1_33B_fe2,0.00022419402707632788,0.00014364733280190282,5.7996659616813717e-05,0.0
Bacteroides_vulgatus_ATCC_8482_fe3,0.000209591094524427,0.00011980789060274101,0.0,0.0008453028013434921
Alistipes_putredinis_DSM_17216_fe3,0.00020386527565207816,0.0007154946029340449,2.49471698175216e-05,7.0010127337095e-06
Bacteroides_sp_4_3_47FAA_fe3,0.0004893476344457897,0.0002666144594404447,1.685213998986276e-05,0.0019628016296814525
Burkholderiales_bacterium_1_1_47_fe3,0.00030666132929475055,0.00011839967794349048,0.0,0.00016493799337751738
Bacteroides_ovatus_ATCC_8483_fe3,0.0,0.0,0.0006212835022641173,0.000398046038764465
Alistipes_putredinis_DSM_17216_fol,0.0006115958269562252,0.002146483808802135,7.484150945256481e-05,2.1003038201128498e-05
Bacteroides_cellulosilyticus_DSM_14838_for,-99.34504800000002,-3.0321883999999955,0.0,0.0
Parabacteroides_merdae_ATCC_43184_for,-79.66418159999999,-4.60951,-0.0755456,-0.8106755999999999
Bacteroides_vulgatus_ATCC_8482_for,-27.077288,-15.47810400000003,0.0,-109.20553399999994
Bacteroides_sp_4_3_47FAA_for,-25.0670512,-13.657444800000007,-0.8632584000000001,-100.54539039999999
Bacteroides_sp_20_3_for,-13.7278352,-5.904903200000035,-0.7405212,-1.5983043999999997
Bacteroides_ovatus_ATCC_8483_for,-12.440900000000056,-2.328162,-55.025534799999996,-26.900787199999968
Bacteroides_sp_2_1_33B_for,-11.4844392,-7.358398800000001,-2.9709048,0.0
Bacteroides_cellulosilyticus_DSM_14838_fru,-99.34504800000002,-3.0321884,0.0,0.0
Bacteroides_vulgatus_ATCC_8482_fru,-27.077288,-15.478104,0.0,-109.205534
Bacteroides_ovatus_ATCC_8483_fru,-12.440900000000056,-2.328162,-55.025534799999996,-26.900787199999996
Burkholderiales_bacterium_1_1_47_fum,-15.7088636,-6.065076400000001,0.0,-8.4490224
Bacteroides_sp_20_3_fum,-13.7278352,-5.9049032,-0.7405212,-1.5983043999999997
Bacteroides_sp_2_1_33B_fum,-11.4844392,-7.358398800000001,-2.9709048,0.0
Bacteroides_vulgatus_ATCC_8482_gal,-9.226714704941479,-9.226714704941479,0.0,-9.226714704941479
Bacteroides_cellulosilyticus_DSM_14838_gam26s,-1.0,-1.0,0.0,0.0
Bacteroides_ovatus_ATCC_8483_gam26s,-1.0,-1.0,-1.0,-1.0
Bacteroides_cellulosilyticus_DSM_14838_gam,-4.0,-2.7801752,0.0,0.0
Bacteroides_ovatus_ATCC_8483_gam,-4.0,-2.328162,-4.0,-4.0
Parabacteroides_merdae_ATCC_43184_gcald,-27.077287999999953,-4.60951,0.0,-0.8106755999999999
Bacteroides_vulgatus_ATCC_8482_gcald,-27.077287999999953,-4.60986945961777,0.0,-0.8132117620202325
Parabacteroides_merdae_ATCC_43184_glc_D,-79.66418159999999,-4.60951,-0.0755456,-0.8106755999999677
Bacteroides_cellulosilyticus_DSM_14838_glcur,-9.0,-1.2356334222222216,0.0,0.0
Bacteroides_ovatus_ATCC_8483_glcur,-9.0,-1.2356334222222216,-9.0,-9.0
Bacteroides_vulgatus_ATCC_8482_glu_L,-27.077288,-15.47810400000003,0.0,-109.205534
Alistipes_putredinis_DSM_17216_glu_L,-26.30706529394638,-92.32844179395829,-3.2192182959531834,-0.90342064640653
Bacteroides_sp_4_3_47FAA_glu_L,-25.0670512,-13.657444799999999,-0.8632583999999497,-100.54539039999999
Burkholderiales_bacterium_1_1_47_glu_L,-12.971216794253625,-5.136653411334398,0.0,-5.309384224897649
Parabacteroides_merdae_ATCC_43184_gly,-79.66418159999999,-4.60951,-0.0755456,-0.8106755999999677
Bacteroides_vulgatus_ATCC_8482_gly,-20.0,-15.478104,0.0,-20.0
Alistipes_putredinis_DSM_17216_gly,-26.337563599999953,-92.43548,-3.2229503999999998,-0.9044679999999999
Bacteroides_sp_4_3_47FAA_gly,-20.0,-13.657444799999999,-0.8632584000000001,-20.0
Burkholderiales_bacterium_1_1_47_gly,-1.4285477606812456,-0.771543421502213,0.0,-0.9335064078678614
Bacteroides_sp_20_3_gly,-13.7278352,-5.9049032,-0.7405212,-1.5983043999999997
Bacteroides_ovatus_ATCC_8483_gly,-12.440900000000001,-2.328162,-55.025534799999996,-26.900787199999968
Bacteroides_sp_2_1_33B_gly,-11.4844392,-7.358398800000001,-2.9709048,0.0
Parabacteroides_merdae_ATCC_43184_glyc,-32.25797641870195,-1.8994406369803611,-0.0639725003176347,-0.5149242284887505
Alistipes_putredinis_DSM_17216_glyc,-2.746107500976116,-6.94645691183493,-0.34641418206749575,-0.09721544036986215
Parabacteroides_merdae_ATCC_43184_glyclt,-27.077287999999953,-4.60951,0.0,-0.8106755999999999
Bacteroides_vulgatus_ATCC_8482_glyclt,-27.077288,-4.609869459617771,0.0,-0.8132117620202641
Bacteroides_cellulosilyticus_DSM_14838_gsn,-28.80621754909434,-1.785506473368149,0.0,0.0
Bacteroides_vulgatus_ATCC_8482_gsn,-24.153250188348117,-7.884252816161423,0.0,-32.14007469602405
Alistipes_putredinis_DSM_17216_gsn,-2.9782759019765597,-7.61072598742793,-0.6481892694872301,-0.2539093180455758
Bacteroides_sp_4_3_47FAA_gsn,-7.157670502130103,-4.6465619359901815,-0.4606667561301638,-21.510625832629735
Bacteroides_ovatus_ATCC_8483_gsn,-4.779671180018021,-1.2389620393422125,-20.342318355826873,-9.868818617770916
Alistipes_putredinis_DSM_17216_gthox,0.00010193263782603908,0.00035774730146702246,1.24735849087608e-05,3.50050636685475e-06
Parabacteroides_merdae_ATCC_43184_gua,-34.99355214320591,-3.8155539393656404,-0.0755456,-0.734018334395202
Bacteroides_vulgatus_ATCC_8482_gua,-27.077288,-15.478104,0.0,-64.42202802227546
Bacteroides_cellulosilyticus_DSM_14838_h2,-99.345048,-3.0321884,0.0,0.0
Bacteroides_vulgatus_ATCC_8482_h2,-27.077287999999953,-15.478104,0.0,-109.205534
Alistipes_putredinis_DSM_17216_h2,-26.337563599999953,-92.43547999999998,-3.222950399999945,-0.9044679999999999
Bacteroides_sp_4_3_47FAA_h2,-25.0670512,-13.657444799999999,-0.8632584000000001,-100.54539039999997
Bacteroides_sp_20_3_h2,-13.7278352,-5.9049032,-0.7405212,-1.5983043999999609
Bacteroides_ovatus_ATCC_8483_h2,-12.440900000000056,-2.328162,-55.025534799999946,-26.900787199999996
Bacteroides_sp_2_1_33B_h2,-11.4844392,-7.358398800000032,-2.970904799999971,0.0
Bacteroides_cellulosilyticus_DSM_14838_h2o,-99.345048,-3.0321884,0.0,0.0
Parabacteroides_merdae_ATCC_43184_h2o,-79.6641816,-4.60951,-0.0755456,-0.8106755999999999
Bacteroides_vulgatus_ATCC_8482_h2o,-27.077287999999953,-15.47810400000003,0.0,-109.20553399999994
Alistipes_putredinis_DSM_17216_h2o,-26.337563600000003,-92.43548,-3.222950399999945,-0.9044679999999999
Bacteroides_sp_4_3_47FAA_h2o,-25.0670512,-13.657444800000007,-0.8632583999999497,-100.54539039999997
Burkholderiales_bacterium_1_1_47_h2o,-15.708863599999972,-6.065076400000001,0.0,-8.4490224
Bacteroides_sp_20_3_h2o,-13.7278352,-5.904903200000035,-0.7405212,-1.5983043999999997
Bacteroides_ovatus_ATCC_8483_h2o,-12.440900000000001,-2.3281620000000203,-55.025534799999996,-26.900787199999968
Bacteroides_sp_2_1_33B_h2o,-11.484439199999997,-7.358398800000001,-2.970904799999971,0.0
Parabacteroides_merdae_ATCC_43184_h2s,-68.9632661331672,-4.60760905190453,-0.07551444522119681,-0.8103412798145867
Bacteroides_vulgatus_ATCC_8482_h2s,0.008859919491172827,0.005064567593179942,0.0,0.03573298179753219
Burkholderiales_bacterium_1_1_47_h2s,-15.7088636,-6.065076400000001,0.0,-8.4490224
Bacteroides_ovatus_ATCC_8483_h2s,-12.440657110088852,-2.328116546129195,-55.02446050897133,-26.900262002481096
Bacteroides_cellulosilyticus_DSM_14838_h,-99.34504800000002,-3.0321884,0.0,0.0
Parabacteroides_merdae_ATCC_43184_h,-79.6641816,-4.60951,-0.0755456,-0.8106755999999677
Bacteroides_vulgatus_ATCC_8482_h,-27.077287999999953,-15.478104,0.0,-109.205534
Alistipes_putredinis_DSM_17216_h,-26.337563599999953,-92.43548,-3.2229503999999998,-0.9044679999999999
Bacteroides_sp_4_3_47FAA_h,-25.067051200000037,-13.657444799999999,-0.8632584000000001,-100.54539039999997
Burkholderiales_bacterium_1_1_47_h,-0.9988849321204043,-0.6888393903001879,0.0,-0.7650793765185995
Bacteroides_sp_20_3_h,-13.727835199999959,-5.904903200000035,-0.7405212,-1.5983043999999997
Bacteroides_ovatus_ATCC_8483_h,-12.440900000000056,-2.328162,-55.025534799999996,-26.900787199999996
Bacteroides_sp_2_1_33B_h,-11.4844392,-7.358398800000032,-2.9709048,0.0
Bacteroides_cellulosilyticus_DSM_14838_ha_deg1,-1.0,-1.0,0.0,0.0
Bacteroides_ovatus_ATCC_8483_ha_deg1,-1.0,-1.0,-1.0,-1.0
Bacteroides_cellulosilyticus_DSM_14838_ha_pre1,-1.0,-1.0,0.0,0.0
Bacteroides_ovatus_ATCC_8483_ha_pre1,-1.0,-1.0,-1.0,-1.0
Bacteroides_cellulosilyticus_DSM_14838_hdca,-73.79246888932826,-3.0289276725281047,0.0,0.0
Parabacteroides_merdae_ATCC_43184_hdca,-73.79246888932825,-4.6081691857312,-0.075523625295872,-0.810439790681472
Bacteroides_vulgatus_ATCC_8482_hdca,-27.001319148468543,-15.434678167074471,0.0,-69.51319623070034
Alistipes_putredinis_DSM_17216_hdca,-26.222499591236957,-56.1003869705728,-3.2088699178908473,-0.9005165443734099
Bacteroides_sp_4_3_47FAA_hdca,-25.013141999689292,-13.628073099213125,-0.861401876484824,-69.5131962307004
Bacteroides_sp_20_3_hdca,-13.7278352,-5.9049032,-0.7405212,-1.5983043999999997
Bacteroides_ovatus_ATCC_8483_hdca,-12.437281191008001,-2.32748478423744,-44.056580543169254,-26.89296229901926
Bacteroides_sp_2_1_33B_hdca,-11.475429760807554,-7.352626202366991,-2.968574151922543,0.0
Alistipes_putredinis_DSM_17216_his_L,0.005218529697815703,0.01831518301532832,0.0006385959852788736,0.000179211455942112
Burkholderiales_bacterium_1_1_47_his_L,-1.1350349294862319,-0.4809979643410673,0.0,-0.642227415290408
Bacteroides_cellulosilyticus_DSM_14838_hspg_degr_10,-1.0,-1.0,0.0,0.0
Bacteroides_ovatus_ATCC_8483_hspg_degr_10,-1.0,-1.0,-1.0,-1.0
Bacteroides_cellulosilyticus_DSM_14838_hspg_degr_11,-1.0,-1.0,0.0,0.0
Bacteroides_ovatus_ATCC_8483_hspg_degr_11,-1.0,-1.0,-1.0,-1.0
Bacteroides_cellulosilyticus_DSM_14838_hspg_degr_12,-1.0,-1.0,0.0,0.0
Bacteroides_ovatus_ATCC_8483_hspg_degr_12,-1.0,-1.0,-1.0,-1.0
Bacteroides_cellulosilyticus_DSM_14838_hspg_degr_13,-1.0,-1.0,0.0,0.0
Bacteroides_ovatus_ATCC_8483_hspg_degr_13,-1.0,-1.0,-1.0,-1.0
Bacteroides_cellulosilyticus_DSM_14838_hspg_degr_1,-1.0,-1.0,0.0,0.0
Bacteroides_ovatus_ATCC_8483_hspg_degr_1,-1.0,-1.0,-1.0,-1.0
Bacteroides_cellulosilyticus_DSM_14838_hspg_degr_2,-1.0,-1.0,0.0,0.0
Bacteroides_ovatus_ATCC_8483_hspg_degr_2,-1.0,-1.0,-1.0,-1.0
Bacteroides_cellulosilyticus_DSM_14838_hspg_degr_3,-1.0,-1.0,0.0,0.0
Bacteroides_ovatus_ATCC_8483_hspg_degr_3,-1.0,-1.0,-1.0,-1.0
Bacteroides_cellulosilyticus_DSM_14838_hspg_degr_4,-1.0,-1.0,0.0,0.0
Bacteroides_ovatus_ATCC_8483_hspg_degr_4,-1.0,-1.0,-1.0,-1.0
Bacteroides_cellulosilyticus_DSM_14838_hspg_degr_5,-1.0,-1.0,0.0,0.0
Bacteroides_ovatus_ATCC_8483_hspg_degr_5,-1.0,-1.0,-1.0,-1.0
Bacteroides_cellulosilyticus_DSM_14838_hspg_degr_6,-1.0,-1.0,0.0,0.0
Bacteroides_ovatus_ATCC_8483_hspg_degr_6,-1.0,-0.9999999999999999,-1.0,-1.0
Bacteroides_cellulosilyticus_DSM_14838_hspg_degr_7,-1.0,-1.0,0.0,0.0
Bacteroides_ovatus_ATCC_8483_hspg_degr_7,-1.0,-1.0,-1.0,-1.0
Bacteroides_cellulosilyticus_DSM_14838_hspg_degr_8,-1.0,-1.0,0.0,0.0
Bacteroides_ovatus_ATCC_8483_hspg_degr_8,-1.0,-1.0,-1.0,-1.0
Bacteroides_cellulosilyticus_DSM_14838_hspg_degr_9,-1.0,-1.0,0.0,0.0
Bacteroides_ovatus_ATCC_8483_hspg_degr_9,-1.0,-1.0,-1.0,-1.0
Bacteroides_cellulosilyticus_DSM_14838_idour,-3.0,-3.0,0.0,0.0
Bacteroides_ovatus_ATCC_8483_idour,-3.0,-2.328162,-3.0,-3.0
Alistipes_putredinis_DSM_17216_ile_L,0.021527751749981956,0.07555475125005191,0.0026343695706806014,0.0007392924746388719
Bacteroides_cellulosilyticus_DSM_14838_indole,-60.66022461741548,-1.9768480817812135,0.0,0.0
Alistipes_putredinis_DSM_17216_indole,-4.247717874860835,-11.790383600450056,-1.0911875394853041,-0.9043612682536599
Bacteroides_ovatus_ATCC_8483_indole,-12.440900000000001,-2.328162,-34.40211656844065,-26.900787199999996
Bacteroides_cellulosilyticus_DSM_14838_ins,-34.410361793525325,-1.4045617631713956,0.0,0.0
Parabacteroides_merdae_ATCC_43184_ins,-15.40418239161751,-1.1660328809648304,-0.0755456,-0.4553117520519238
Bacteroides_vulgatus_ATCC_8482_ins,-15.35795036003249,-9.703023892920914,0.0,-38.35672006598901
Alistipes_putredinis_DSM_17216_ins,-3.21591744155588,-8.316668871268392,-0.6375455601814799,-0.17891667142199721
Bacteroides_sp_4_3_47FAA_ins,-8.878283057921772,-5.464988518807756,-0.37140119265978383,-25.21872622354627
Bacteroides_sp_20_3_ins,-3.005972279723416,-2.980738597834447,-0.7405212,-1.532638492323116
Bacteroides_ovatus_ATCC_8483_ins,-6.200804639177919,-1.312157204967959,-25.390309249732965,-12.082586563840323
Bacteroides_sp_2_1_33B_ins,-2.725389855971038,-2.877604690517441,-1.4051546049790964,0.0
Bacteroides_cellulosilyticus_DSM_14838_isobut,-99.345048,-3.0321884,0.0,0.0
Parabacteroides_merdae_ATCC_43184_isobut,-79.66418159999999,-4.60951,-0.0755456,-0.8106755999999999
Bacteroides_vulgatus_ATCC_8482_isobut,-27.077287999999953,-15.478104,0.0,-109.205534
Alistipes_putredinis_DSM_17216_isobut,-26.337563600000003,-92.43548,-3.2229503999999998,-0.9044679999999999
Bacteroides_sp_4_3_47FAA_isobut,-25.0670512,-13.657444799999999,-0.8632584000000001,-100.54539039999999
Bacteroides_sp_20_3_isobut,-13.7278352,-5.9049032,-0.7405212,-1.5983043999999997
Bacteroides_ovatus_ATCC_8483_isobut,-12.440900000000001,-2.328162,-55.025534799999946,-26.900787199999996
Bacteroides_sp_2_1_33B_isobut,-11.4844392,-7.358398800000001,-2.9709048,0.0
Bacteroides_cellulosilyticus_DSM_14838_isocapr,-99.345048,-3.0321884,0.0,0.0
Parabacteroides_merdae_ATCC_43184_isocapr,-79.6641816,-4.60951,-0.0755456,-0.5176017350400035
Bacteroides_vulgatus_ATCC_8482_isocapr,-24.00801302806117,-15.478104,0.0,-107.17988375180761
Alistipes_putredinis_DSM_17216_isocapr,-17.538158404970822,-61.55269770205746,-2.146159588070784,-0.6022843759256132
Bacteroides_sp_4_3_47FAA_isocapr,-25.0670512,-13.657444799999999,-0.8632584000000001,-100.00451040881956
Bacteroides_sp_20_3_isocapr,-12.139142473965043,-5.9049032,-0.7405212,-1.5983043999999997
Bacteroides_ovatus_ATCC_8483_isocapr,-10.870540016709075,-2.328162,-55.025534799999996,-13.446345847484494
Bacteroides_sp_2_1_33B_isocapr,-9.598825295836983,-7.358398800000001,-2.9709048,0.0
Bacteroides_cellulosilyticus_DSM_14838_isoval,-49.672524,-1.5160942,0.0,0.0
Parabacteroides_merdae_ATCC_43184_isoval,-39.83209080000006,-2.304755,-0.0377728,-0.258800867481607
Bacteroides_vulgatus_ATCC_8482_isoval,-12.0040065140503,-7.739052,0.0,-53.58994187580345
Alistipes_putredinis_DSM_17216_isoval,-8.769079202485411,-30.776348851028732,-1.073079794035392,-0.3011421879628066
Bacteroides_sp_4_3_47FAA_isoval,-12.5335256,-6.828722399999999,-0.43162920000000005,-50.002255203350124
Bacteroides_sp_20_3_isoval,-6.069571236934736,-2.9524516,-0.3702606,-0.7991521999999999
Bacteroides_ovatus_ATCC_8483_isoval,-5.435270008418412,-1.164081,-27.512767399999998,-6.72317292347234
Bacteroides_sp_2_1_33B_isoval,-4.799412648135155,-3.6791994000000003,-1.4854524,0.0
Bacteroides_cellulosilyticus_DSM_14838_k,0.0019393690883235373,5.919301033437726e-05,0.0,0.0
Parabacteroides_merdae_ATCC_43184_k,0.001555168117102653,8.998476910815151e-05,1.4747670301478402e-06,1.582564235409234e-05
Bacteroides_vulgatus_ATCC_8482_k,0.000209591094524427,0.00011980789060274101,0.0,0.0008453028013434921
Alistipes_putredinis_DSM_17216_k,0.00020386527565207816,0.0007154946029340449,2.49471698175216e-05,7.001012733709455e-06
Bacteroides_sp_4_3_47FAA_k,0.0004893476344457897,0.0002666144594404447,1.685213998986276e-05,0.0019628016296814525
Burkholderiales_bacterium_1_1_47_k,0.00030666132929475055,0.00011839967794349048,0.0,0.00016493799337751738
Bacteroides_sp_20_3_k,0.00026798858898814725,0.00011527284918743748,1.4456119891635182e-05,3.1201375503804654e-05
Bacteroides_ovatus_ATCC_8483_k,0.00024286562215888503,4.54493254199193e-05,0.0010741835995649333,0.00052514499914731
Bacteroides_sp_2_1_33B_k,0.00022419402707632788,0.00014364733280190282,5.7996659616813717e-05,0.0
Bacteroides_cellulosilyticus_DSM_14838_lac_D,-99.345048,-3.0321884,0.0,0.0
Parabacteroides_merdae_ATCC_43184_lac_D,-79.66418159999999,-4.60951,-0.0755456,-0.8106755999999999
Bacteroides_vulgatus_ATCC_8482_lac_D,-27.077288,-15.478104,0.0,-109.205534
Alistipes_putredinis_DSM_17216_lac_D,-26.337563600000003,-92.43548,-3.2229503999999998,-0.9044679999999999
Bacteroides_sp_4_3_47FAA_lac_D,-25.0670512,-13.657444799999999,-0.8632584000000001,-100.54539039999999
Bacteroides_sp_20_3_lac_D,-13.7278352,-5.9049032,-0.7405212,-1.5983043999999997
Bacteroides_ovatus_ATCC_8483_lac_D,-12.440900000000001,-2.328162,-55.025534799999996,-26.900787199999968
Bacteroides_sp_2_1_33B_lac_D,-11.4844392,-7.358398800000001,-2.9709048,0.0
Bacteroides_cellulosilyticus_DSM_14838_leu_L,-99.2361012531108,-3.02886315059114,0.0,0.0
Parabacteroides_merdae_ATCC_43184_leu_L,-79.57681787524837,-4.6044549808585,-0.07546275291776,-0.8097865726032599
Bacteroides_vulgatus_ATCC_8482_leu_L,-27.04611026289172,-15.46028196932076,0.0,-109.07979092595872
Alistipes_putredinis_DSM_17216_leu_L,0.03032295994451163,0.10642280356910862,0.003710646792034616,0.001041331967968842
Bacteroides_sp_4_3_47FAA_leu_L,-25.03956141830152,-13.642467363160078,-0.8623117076756401,-100.43512729761783
Burkholderiales_bacterium_1_1_47_leu_L,-5.3380687921524475,-2.158962417749593,0.0,-2.9289672848203803
Bacteroides_sp_20_3_leu_L,-13.712780569527919,-5.8984275879057195,-0.73970910742602,-1.5965516194797398
Bacteroides_ovatus_ATCC_8483_leu_L,-12.427256687015001,-2.3256088211427,-54.96519104726158,-26.871286451717115
Bacteroides_sp_2_1_33B_leu_L,-11.471844789751321,-7.350329211955981,-2.96764675725108,0.0
Bacteroides_cellulosilyticus_DSM_14838_lys_L,-99.25498227620845,-3.029439433157502,0.0,0.0
Parabacteroides_merdae_ATCC_43184_lys_L,-79.5977516305683,-4.60566624484875,-0.07548260441280001,-0.80999959788405
Bacteroides_vulgatus_ATCC_8482_lys_L,-27.0579656472832,-15.4670588249856,0.0,-109.1276049309376
Alistipes_putredinis_DSM_17216_lys_L,0.018792605936421507,0.0659553623321472,0.0022996674156994562,0.0006453638219635201
Bacteroides_sp_4_3_47FAA_lys_L,-25.044325536717338,-13.645063028831542,-0.8624757742508521,-100.45423645179031
Burkholderiales_bacterium_1_1_47_lys_L,-3.1879572495923854,-1.275801804781256,0.0,-1.7592010987808857
Bacteroides_sp_20_3_lys_L,-13.713214163202712,-5.898614094273292,-0.7397324967881219,-1.5966021019242138
Bacteroides_ovatus_ATCC_8483_lys_L,-12.4296211422645,-2.32605129997161,-54.97564892527799,-26.876399080828413
Bacteroides_sp_2_1_33B_lys_L,-11.472207525763453,-7.350561626982079,-2.967740593279188,0.0
Burkholderiales_bacterium_1_1_47_mal_L,-15.7088636,-6.065076400000001,0.0,-8.4490224
Parabacteroides_merdae_ATCC_43184_malt,-17.703151466666668,-4.60951,-0.0755456,-0.18015013333333332
Bacteroides_cellulosilyticus_DSM_14838_meoh,-1.0,-0.6594733172192448,0.0,0.0
Bacteroides_ovatus_ATCC_8483_meoh,-1.0,-0.29561070860230987,-1.0,-1.0
Bacteroides_cellulosilyticus_DSM_14838_met_L,0.09097780205906508,0.002776805101156055,0.0,0.0
Alistipes_putredinis_DSM_17216_met_L,0.008617875360695058,0.030245677149348043,0.0010545768493522415,0.00029594964098110944
Bacteroides_sp_4_3_47FAA_met_L,0.022955801705164508,0.012507158984381457,0.0007905512496307355,0.09207704671663564
Bacteroides_sp_20_3_met_L,-0.09101780792529678,-0.09613639194001035,-0.0995154732296182,-0.09895422133894474
Bacteroides_ovatus_ATCC_8483_met_L,-12.440900000000001,-2.328162,-50.763394550036175,-26.900787199999996
Bacteroides_sp_2_1_33B_met_L,-0.08948282720346884,-0.0932613556188723,-0.0972793169436012,0.0
Bacteroides_cellulosilyticus_DSM_14838_mg2,0.0019393690883235373,5.919301033437726e-05,0.0,0.0
Parabacteroides_merdae_ATCC_43184_mg2,0.001555168117102653,8.998476910815151e-05,1.4747670301478402e-06,1.582564235409234e-05
Bacteroides_vulgatus_ATCC_8482_mg2,0.000209591094524427,0.00011980789060274101,0.0,0.0008453028013434921
Alistipes_putredinis_DSM_17216_mg2,0.00020386527565207816,0.0007154946029340449,2.49471698175216e-05,7.0010127337095e-06
Bacteroides_sp_4_3_47FAA_mg2,0.0004893476344457897,0.0002666144594404447,1.685213998986276e-05,0.0019628016296814525
Burkholderiales_bacterium_1_1_47_mg2,0.00030666132929475055,0.00011839967794349048,0.0,0.00016493799337751738
Bacteroides_sp_20_3_mg2,0.00026798858898814725,0.00011527284918743748,1.4456119891635182e-05,3.1201375503804654e-05
Bacteroides_ovatus_ATCC_8483_mg2,0.00024286562215888503,4.54493254199193e-05,0.0010741835995649333,0.00052514499914731
Bacteroides_sp_2_1_33B_mg2,0.00022419402707632788,0.00014364733280190282,5.7996659616813717e-05,0.0
Bacteroides_cellulosilyticus_DSM_14838_mn2,0.0019393690883235373,5.919301033437726e-05,0.0,0.0
Parabacteroides_merdae_ATCC_43184_mn2,0.001555168117102653,8.998476910815151e-05,1.4747670301478402e-06,1.582564235409234e-05
Bacteroides_vulgatus_ATCC_8482_mn2,0.000209591094524427,0.00011980789060274101,0.0,0.0008453028013434921
Alistipes_putredinis_DSM_17216_mn2,0.00020386527565207816,0.0007154946029340449,2.49471698175216e-05,7.0010127337095e-06
Bacteroides_sp_4_3_47FAA_mn2,0.0004893476344457897,0.0002666144594404447,1.685213998986276e-05,0.0019628016296814525
Burkholderiales_bacterium_1_1_47_mn2,0.00030666132929475055,0.00011839967794349048,0.0,0.00016493799337751738
Bacteroides_sp_20_3_mn2,0.00026798858898814725,0.00011527284918743748,1.4456119891635182e-05,3.1201375503804654e-05
Bacteroides_ovatus_ATCC_8483_mn2,0.00024286562215888503,4.54493254199193e-05,0.0010741835995649333,0.00052514499914731
Bacteroides_sp_2_1_33B_mn2,0.00022419402707632788,0.00014364733280190282,5.7996659616813717e-05,0.0
Alistipes_putredinis_DSM_17216_mqn7,0.0004077305513041563,0.0014309892058680899,4.98943396350432e-05,1.4002025467419e-05
Bacteroides_vulgatus_ATCC_8482_mqn8,-2.007559235745595,-1.3101558655179786,0.0,-7.027597336228932
Bacteroides_cellulosilyticus_DSM_14838_nac,-65.30263882944818,-2.8600306852228483,0.0,0.0
Parabacteroides_merdae_ATCC_43184_nac,-27.9038119920437,-3.1228261541453346,-0.0755456,-0.8106755999999999
Bacteroides_vulgatus_ATCC_8482_nac,-27.077288,-15.478104,0.0,-102.373678860284
Alistipes_putredinis_DSM_17216_nac,-0.0002038856642185,-0.00071556615955,-2.4949664784e-05,-7.001712904999999e-06
Bacteroides_sp_4_3_47FAA_nac,-2.892453684482742,-3.632443259260225,-0.23876921843717588,-11.015513519183871
Burkholderiales_bacterium_1_1_47_nac,-0.0993866773414105,-0.09976320064411302,0.0,-0.09967012397029582
Bacteroides_sp_20_3_nac,-5.118569405730779,-3.084306729347038,-0.6011966010893668,-1.2888659824305613
Bacteroides_ovatus_ATCC_8483_nac,-2.856731603878316,-0.8824018642620279,-16.367342922159803,-5.071390931142641
Bacteroides_sp_2_1_33B_nac,-4.0420685172637825,-3.0883404949677837,-1.313645609289706,0.0
Parabacteroides_merdae_ATCC_43184_ncam,-33.05597781308605,-2.548797217770602,-0.041772425940026364,-0.4482575618220821
Bacteroides_vulgatus_ATCC_8482_ncam,-12.716777688316665,-8.298931893588229,0.0,-44.517133927743316
Bacteroides_cellulosilyticus_DSM_14838_nh4,-99.345048,-3.0321884,0.0,0.0
Parabacteroides_merdae_ATCC_43184_nh4,-79.66418159999999,-4.60951,-0.0755456,-0.8106755999999999
Bacteroides_vulgatus_ATCC_8482_nh4,-27.077287999999953,-15.478104,0.0,-109.205534
Alistipes_putredinis_DSM_17216_nh4,-26.337563599999953,-92.43548,-3.222950399999945,-0.9044679999999999
Bacteroides_sp_4_3_47FAA_nh4,-25.067051200000037,-13.657444800000007,-0.8632583999999497,-100.54539039999997
Burkholderiales_bacterium_1_1_47_nh4,-15.7088636,-6.065076400000001,0.0,-8.4490224
Bacteroides_sp_20_3_nh4,-13.727835199999959,-5.904903200000035,-0.7405212,-1.5983043999999609
Bacteroides_ovatus_ATCC_8483_nh4,-12.440900000000001,-2.328162,-55.025534799999946,-26.900787199999968
Bacteroides_sp_2_1_33B_nh4,-11.484439199999997,-7.358398800000001,-2.970904799999971,0.0
Burkholderiales_bacterium_1_1_47_no2,-0.1,-0.1,0.0,-0.1
Alistipes_putredinis_DSM_17216_o2,-0.0009253538361087501,-0.003247662817625,-0.00011323634795999999,-3.177791788749998e-05
Bacteroides_cellulosilyticus_DSM_14838_ocdca,-99.23821521638718,-3.0289276725281047,0.0,0.0
Parabacteroides_merdae_ATCC_43184_ocdca,-79.66418159999999,-4.60951,-0.0755456,-0.8106755999999999
Bacteroides_vulgatus_ATCC_8482_ocdca,-26.99555276921606,-15.43138195004664,0.0,-108.87588726712283
Alistipes_putredinis_DSM_17216_ocdca,-26.216890743692602,-92.01196119753426,-3.208183558373663,-0.9003239288681298
Bacteroides_sp_4_3_47FAA_ocdca,-25.013141999689264,-13.628073099213132,-0.8614018764845564,-100.32915748340588
Bacteroides_sp_20_3_ocdca,-13.7278352,-5.9049032,-0.7405212,-1.5983043999999997
Bacteroides_ovatus_ATCC_8483_ocdca,-12.437281191008001,-2.3274847842374395,-55.00952897243737,-26.89296229901926
Bacteroides_sp_2_1_33B_ocdca,-11.475429760807938,-7.352626202366994,-2.9685741519225446,0.0
Alistipes_putredinis_DSM_17216_ocdcea,0.014381562795236391,0.05047416990882943,0.0017598842576176349,0.0004938825601284177
Parabacteroides_merdae_ATCC_43184_orn,-79.66418159999999,-4.60951,-0.0755456,-0.8106755999999999
Bacteroides_vulgatus_ATCC_8482_orn,-27.077287999999953,-15.478104,0.0,-109.205534
Bacteroides_sp_20_3_orn,-13.7278352,-5.9049032,-0.7405212,-1.5983043999999997
Bacteroides_sp_2_1_33B_orn,-11.4844392,-7.358398800000001,-2.9709048,0.0
Bacteroides_ovatus_ATCC_8483_pac,-12.440900000000001,-2.328162,-55.025534799999996,-26.900787199999996
Alistipes_putredinis_DSM_17216_phe_L,-17.16693775754311,-16.240326226364544,-3.2207330101248,-0.9038457260159999
Burkholderiales_bacterium_1_1_47_phe_L,-15.666750315406151,-6.065076400000001,0.0,-8.4490224
Bacteroides_ovatus_ATCC_8483_phe_L,-11.030208261743155,-2.1365477673662028,-34.35748771351598,-23.482646237095697
Alistipes_putredinis_DSM_17216_pheme,0.00020386527565207816,0.0007154946029340449,2.49471698175216e-05,7.0010127337095e-06
Bacteroides_cellulosilyticus_DSM_14838_pi,0.28813510560285405,0.008794398336224515,0.0,0.0
Parabacteroides_merdae_ATCC_43184_pi,0.23105376503635,0.013369178206343868,0.00021910844951095795,0.0023512404930046346
Bacteroides_vulgatus_ATCC_8482_pi,0.054966779021320814,0.031420485036803614,0.0,0.2216867677262076
Alistipes_putredinis_DSM_17216_pi,0.053464351602336535,0.18764085692447652,0.006542478871561619,0.00183603904670801
Bacteroides_sp_4_3_47FAA_pi,0.07270314514999354,0.039611328183366275,0.0025037488573644573,0.2916165150057948
Burkholderiales_bacterium_1_1_47_pi,-0.054029513536866136,-0.08225113415933194,0.0,-0.07527474426183955
Bacteroides_sp_20_3_pi,0.04017319637489629,0.017280134294482656,0.002167064446359011,0.004677284917297551
Bacteroides_ovatus_ATCC_8483_pi,0.03608292619954233,0.006752477523946254,0.1595931412755398,0.07802161573886224
Bacteroides_sp_2_1_33B_pi,0.03360811260177717,0.021533650112394418,0.008694068671629165,0.0
Alistipes_putredinis_DSM_17216_pnto_R,0.00040773055138743075,0.001430989205868087,4.989433963504316e-05,1.4002025467419046e-05
Bacteroides_cellulosilyticus_DSM_14838_ppa,-99.345048,-3.0321884,0.0,0.0
Parabacteroides_merdae_ATCC_43184_ppa,-79.6641816,-4.60951,-0.0755456,-0.8106755999999999
Bacteroides_vulgatus_ATCC_8482_ppa,-27.077288,-15.478104,0.0,-109.20553399999994
Alistipes_putredinis_DSM_17216_ppa,-26.337563600000003,-92.43547999999998,-3.2229503999999998,-0.9044679999999516
Bacteroides_sp_4_3_47FAA_ppa,-25.0670512,-13.657444800000007,-0.8632584000000001,-100.54539039999997
Bacteroides_sp_20_3_ppa,-13.7278352,-5.904903200000035,-0.7405212,-1.5983043999999997
Bacteroides_ovatus_ATCC_8483_ppa,-12.440900000000001,-2.328162,-55.025534799999996,-26.900787199999996
Bacteroides_sp_2_1_33B_ppa,-11.484439199999997,-7.358398800000032,-2.970904799999971,0.0
Bacteroides_cellulosilyticus_DSM_14838_ppi,-6.735268513524294,-1.5115453914098143,0.0,0.0
Parabacteroides_merdae_ATCC_43184_ppi,-6.735268513511983,-2.2978399353959866,-0.03765946849341173,-0.40412164597184275
Bacteroides_vulgatus_ATCC_8482_ppi,-6.735268513510164,-6.939098175479473,0.0,-6.850878526048405
Alistipes_putredinis_DSM_17216_ppi,-6.735268513510601,-6.939098175479614,-1.6080428129660287,-0.45127075707646785
Bacteroides_sp_4_3_47FAA_ppi,-6.735268513511465,-6.808233863657182,-0.43033416263123736,-6.850878526048476
Burkholderiales_bacterium_1_1_47_ppi,-4.47028593510471,-1.7619771355387517,0.0,-2.429710547128573
Bacteroides_sp_20_3_ppi,-6.735268513511727,-2.9435162876911107,-0.3691400417170046,-0.7967336423255649
Bacteroides_ovatus_ATCC_8483_ppi,-6.20178649175682,-1.1605883531378276,-7.023011351122406,-6.850878526048332
Bacteroides_sp_2_1_33B_ppi,-5.724841321733379,-3.6680646550028086,-1.480956820424307,0.0
Parabacteroides_merdae_ATCC_43184_pro_L,-79.66418159999999,-4.60951,-0.0755456,-0.8106755999999677
Alistipes_putredinis_DSM_17216_pro_L,0.012137110791687588,0.042596941724815096,0.00148522872787344,0.00041680500483105
Burkholderiales_bacterium_1_1_47_pro_L,-5.473820151778322,-2.2726587524850976,0.0,-3.0638202977107807
Bacteroides_sp_20_3_pro_L,-13.720441731157166,-5.901722966759053,-0.74012237379471,-1.5974435932077697
Bacteroides_ovatus_ATCC_8483_pro_L,-12.4341996422825,-2.3269081101508498,-54.99589942259509,-26.886299108533755
Bacteroides_sp_2_1_33B_pro_L,-11.4844392,-7.358398800000001,-2.9709048,0.0
Bacteroides_vulgatus_ATCC_8482_ptrc,-27.077288,-15.478104,0.0,-109.205534
Burkholderiales_bacterium_1_1_47_ptrc,-15.7088636,-6.065076400000001,0.0,-8.44902239999999
Parabacteroides_merdae_ATCC_43184_pydx,-0.0009253538361235769,-0.003247662817625,-0.00011323634795999999,-3.177791788749999e-05
Bacteroides_sp_4_3_47FAA_pydx,-0.0009253538361087503,-0.0032476628176249995,-0.00011323634795999999,-3.177791788749999e-05
Burkholderiales_bacterium_1_1_47_pydx,0.00030666132929475055,0.00011839967794349048,0.0,0.00016493799337751738
Bacteroides_sp_20_3_pydx,0.00026798858898814725,0.00011527284918743748,1.4456119891635182e-05,3.1201375503804654e-05
Parabacteroides_merdae_ATCC_43184_pydxn,-0.32139649817577265,-0.3240598186495644,-0.0755456,-0.3208814870998822
Bacteroides_sp_4_3_47FAA_pydxn,-0.32139649817577265,-0.3240598186495644,-0.3211446305109718,-0.3208814870998744
Alistipes_putredinis_DSM_17216_ribflv,0.0004077305513041563,0.0014309892058680899,4.98943396350432e-05,1.4002025467419e-05
Burkholderiales_bacterium_1_1_47_ribflv,0.0006133226585895011,0.00023679935588698096,0.0,0.00032987598675503476
Bacteroides_vulgatus_ATCC_8482_sT_antigen,-1.0,-1.0,0.0,-1.0
Bacteroides_cellulosilyticus_DSM_14838_ser_L,-99.34504800000002,-3.0321884,0.0,0.0
Parabacteroides_merdae_ATCC_43184_ser_L,-79.6641816,-4.60951,-0.0755456,-0.8106755999999999
Bacteroides_vulgatus_ATCC_8482_ser_L,-27.077288,-15.47810400000003,0.0,-109.20553399999994
Alistipes_putredinis_DSM_17216_ser_L,-26.337563600000003,-92.43548,-3.2229503999999998,-0.9044679999999999
Bacteroides_sp_4_3_47FAA_ser_L,-25.067051200000037,-13.657444800000007,-0.8632584000000001,-100.54539039999999
Burkholderiales_bacterium_1_1_47_ser_L,-9.70932253796174,-3.8451195279815344,0.0,-5.037128722458364
Bacteroides_sp_20_3_ser_L,-13.7278352,-5.9049032,-0.7405212,-1.5983043999999997
Bacteroides_ovatus_ATCC_8483_ser_L,-12.440900000000056,-2.328162,-55.025534799999996,-26.900787199999996
Bacteroides_sp_2_1_33B_ser_L,-11.4844392,-7.358398800000001,-2.970904799999971,0.0
Alistipes_putredinis_DSM_17216_sheme,0.00020386527565207816,0.0007154946029340449,2.49471698175216e-05,7.0010127337095e-06
Bacteroides_cellulosilyticus_DSM_14838_so4,-18.99806063091171,-3.0321884,0.0,0.0
Parabacteroides_merdae_ATCC_43184_so4,0.001555168117102653,8.998476910815151e-05,1.4747670301478402e-06,1.582564235409234e-05
Bacteroides_vulgatus_ATCC_8482_so4,0.000209591094524427,0.00011980789060274101,0.0,0.0008453028013434921
Alistipes_putredinis_DSM_17216_so4,0.00020386527565207816,0.0007154946029340449,2.49471698175216e-05,7.0010127337095e-06
Bacteroides_sp_4_3_47FAA_so4,0.0004893476344457897,0.0002666144594404447,1.685213998986276e-05,0.0019628016296814525
Burkholderiales_bacterium_1_1_47_so4,0.00030666132929475055,0.00011839967794349048,0.0,0.00016493799337751738
Bacteroides_sp_20_3_so4,0.00026798858898814725,0.00011527284918743748,1.4456119891635182e-05,3.1201375503804654e-05
Bacteroides_ovatus_ATCC_8483_so4,-12.440900000000001,-2.328162,-18.9989258164004,-18.99947485500085
Bacteroides_sp_2_1_33B_so4,0.00022419402707632788,0.00014364733280190282,5.7996659616813717e-05,0.0
Alistipes_putredinis_DSM_17216_spmd,0.00020386527565207816,0.0007154946029340449,2.49471698175216e-05,7.0010127337095e-06
Parabacteroides_merdae_ATCC_43184_strch2,-19.916045399999987,-1.1523775,-0.0188864,-0.20266889999999194
Bacteroides_cellulosilyticus_DSM_14838_succ,-99.345048,-3.0321883999999955,0.0,0.0
Parabacteroides_merdae_ATCC_43184_succ,-79.6641816,-4.60951,-0.0755456,-0.8106755999999999
Bacteroides_vulgatus_ATCC_8482_succ,-27.077287999999953,-15.478104,0.0,-109.205534
Alistipes_putredinis_DSM_17216_succ,-26.337563600000003,-92.43547999999998,-3.2229503999999998,-0.9044679999999999
Bacteroides_sp_4_3_47FAA_succ,-25.067051200000037,-13.657444799999999,-0.8632584000000001,-100.54539039999997
Burkholderiales_bacterium_1_1_47_succ,-15.708863599999972,-6.065076399999953,0.0,-8.44902239999999
Bacteroides_sp_20_3_succ,-13.727835199999959,-5.904903200000035,-0.7405212,-1.5983043999999997
Bacteroides_ovatus_ATCC_8483_succ,-12.440900000000056,-2.3281620000000203,-55.025534799999946,-26.900787199999996
Bacteroides_sp_2_1_33B_succ,-11.4844392,-7.358398800000032,-2.9709048,0.0
Bacteroides_vulgatus_ATCC_8482_taur,-20.0,-15.478104,0.0,-20.0
Alistipes_putredinis_DSM_17216_taur,-20.0,-20.0,-3.2229503999999998,-0.9044679999999999
Bacteroides_sp_4_3_47FAA_taur,-20.0,-13.657444799999999,-0.8632584000000001,-20.0
Bacteroides_sp_20_3_taur,-13.7278352,-5.9049032,-0.7405212,-1.5983043999999997
Bacteroides_ovatus_ATCC_8483_taur,-12.440900000000001,-2.328162,-20.0,-20.0
Bacteroides_sp_2_1_33B_taur,-11.4844392,-7.358398800000001,-2.9709048,0.0
Alistipes_putredinis_DSM_17216_thm,0.00020386527565207816,0.0007154946029340449,2.49471698175216e-05,7.0010127337095e-06
Bacteroides_cellulosilyticus_DSM_14838_thr_L,-99.27656498788645,-3.030098176087402,0.0,0.0
Parabacteroides_merdae_ATCC_43184_thr_L,-79.58376072817111,-4.604856706569265,-0.0754693368301184,-0.8098572241978134
Bacteroides_vulgatus_ATCC_8482_thr_L,-27.05413918648287,-15.464871517371193,0.0,-109.11217241439347
Alistipes_putredinis_DSM_17216_thr_L,-13.721965143135254,-46.56959759433081,-1.679168723368705,-0.47123107351817667
Bacteroides_sp_4_3_47FAA_thr_L,-25.038619573986807,-13.64195421198661,-0.8622792724677311,-100.43134950566446
Burkholderiales_bacterium_1_1_47_thr_L,-4.020676679230453,-1.572294446688575,0.0,-2.13527565765714
Bacteroides_sp_20_3_thr_L,-13.710089323531806,-5.897269972967773,-0.7395639334284083,-1.5962382830902506
Bacteroides_ovatus_ATCC_8483_thr_L,-12.433228630037547,-2.32672639710675,-54.991604679603945,-26.88419950209277
Bacteroides_sp_2_1_33B_thr_L,-11.469593345837335,-7.348886649379981,-2.9670643321613737,0.0
Bacteroides_cellulosilyticus_DSM_14838_thymd,-57.67573538372517,-3.0320993522071626,0.0,0.0
Parabacteroides_merdae_ATCC_43184_thymd,-58.45905077161448,-4.608968520860301,-0.07553672565836801,-0.810580369937268
Bacteroides_vulgatus_ATCC_8482_thymd,-27.07557465075519,-15.477124603621771,0.0,-99.60427455806439
Alistipes_putredinis_DSM_17216_thymd,0.0009861674507192551,0.0034609004239451405,0.00012067130939022718,3.3864417479574e-05
Bacteroides_sp_4_3_47FAA_thymd,-16.852242110381194,-13.657043714989834,-0.8632330482589381,-72.44663743555907
Bacteroides_sp_20_3_thymd,-13.727432047799763,-5.904729787755274,-0.740499452743659,-1.5982574617955327
Bacteroides_ovatus_ATCC_8483_thymd,-9.298697685066468,-2.3280936277024646,-55.02391883760676,-19.176464439268084
Bacteroides_sp_2_1_33B_thymd,-11.484101930731795,-7.3581827022232416,-2.970817551953286,0.0
Alistipes_putredinis_DSM_17216_trp_L,0.003107653396198739,0.010906758032547259,0.0003802862295258048,0.000106721073165366
Burkholderiales_bacterium_1_1_47_trp_L,-15.706697465526037,-6.064240071452514,0.0,-8.447857343178708
Bacteroides_ovatus_ATCC_8483_trp_L,-12.440900000000056,-2.328162,-29.21218916083535,-17.240654471407606
Bacteroides_cellulosilyticus_DSM_14838_ttdca,-45.168156651373934,-3.028707171787655,0.0,0.0
Parabacteroides_merdae_ATCC_43184_ttdca,-28.65998685745806,-4.607554645858,-0.07551355355647998,-0.8103317114104804
Bacteroides_vulgatus_ATCC_8482_ttdca,-26.999626073343144,-15.433710359926636,0.0,-29.731661849865084
Alistipes_putredinis_DSM_17216_ttdca,0.0016466573257982002,0.00577918149974721,0.0002015028788328864,5.6548467457712995e-05
Bacteroides_sp_4_3_47FAA_ttdca,-25.011319123726008,-13.627079929827238,-0.8613391003334804,-28.300833706718095
Bacteroides_sp_20_3_ttdca,-13.7278352,-5.9049032,-0.7405212,-1.5983044000000002
Bacteroides_ovatus_ATCC_8483_ttdca,-12.43562257022,-2.3271743936795994,-20.99420021718231,-16.089137592968036
Bacteroides_sp_2_1_33B_ttdca,-11.475429760807593,-7.352626202367077,-2.968574151922544,0.0
Alistipes_putredinis_DSM_17216_tyr_L,0.00794524833382619,0.0278849955375684,0.000972266899266432,0.00027285070780044
Burkholderiales_bacterium_1_1_47_tyr_L,-1.5382040342987433,-0.6570678696040737,0.0,-0.833142833074362
Bacteroides_cellulosilyticus_DSM_14838_urea,-67.1061889835805,-2.9197949000731493,0.0,0.0
Parabacteroides_merdae_ATCC_43184_urea,-79.66418159999999,-4.60951,-0.0755456,-0.8106755999999999
Alistipes_putredinis_DSM_17216_urea,-0.0002038856642185,-0.00071556615955,-2.4949664784e-05,-7.001712904999999e-06
Bacteroides_sp_4_3_47FAA_urea,-19.901425076570515,-13.657444799999999,-0.8632584000000001,-100.54539039999997
Bacteroides_sp_20_3_urea,-13.7278352,-5.9049032,-0.7405212,-1.5983043999999997
Bacteroides_ovatus_ATCC_8483_urea,-12.437281191007969,-2.32748478423744,-53.33546833286568,-26.89296229901926
Bacteroides_sp_2_1_33B_urea,-11.063837906354152,-7.358398800000001,-2.9709048,0.0
Bacteroides_cellulosilyticus_DSM_14838_uri,-67.1906527486065,-3.0321884,0.0,0.0
Parabacteroides_merdae_ATCC_43184_uri,-79.09436138248498,-4.60951,-0.0755456,-0.8106755999999999
Bacteroides_vulgatus_ATCC_8482_uri,-21.444390970097217,-15.478104,0.0,-109.20553399999994
Alistipes_putredinis_DSM_17216_uri,-1.037179610253974,-12.33461412813362,-0.7329189332623721,-0.18606882342968328
Bacteroides_sp_4_3_47FAA_uri,-18.376698939637368,-13.657444799999999,-0.8632584000000001,-62.237945036715715
Bacteroides_sp_20_3_uri,-5.5354551269531385,-5.9049032,-0.7405212,-1.5983043999999997
Bacteroides_ovatus_ATCC_8483_uri,-12.440900000000056,-2.328162,-55.025534799999996,-26.900787199999968
Bacteroides_sp_2_1_33B_uri,-5.2192726033670525,-7.358398800000001,-2.9709048,0.0
Bacteroides_cellulosilyticus_DSM_14838_val_L,-99.23894281951874,-3.0289498802759436,0.0,0.0
Parabacteroides_merdae_ATCC_43184_val_L,-79.57909650983466,-4.604586826673032,-0.07546491374855682,-0.8098097603574388
Bacteroides_vulgatus_ATCC_8482_val_L,-27.030890593159256,-15.45158199792921,0.0,-109.01840840639416
Alistipes_putredinis_DSM_17216_val_L,0.023189880847063294,0.0813882331637199,0.002837765743525152,0.00079637226390909
Bacteroides_sp_4_3_47FAA_val_L,-25.040278411166994,-13.642858007053633,-0.8623363994556552,-100.43800319741945
Bacteroides_sp_20_3_val_L,-13.713173226798146,-5.898596485851858,-0.7397302885539035,-1.596597335780493
Bacteroides_ovatus_ATCC_8483_val_L,-12.427612534077701,-2.3256754135603863,-54.96676494263352,-26.87205589493351
Bacteroides_sp_2_1_33B_val_L,-11.472173279165823,-7.350539684236831,-2.9677317340410743,0.0
Bacteroides_cellulosilyticus_DSM_14838_zn2,0.0019393690883235373,5.919301033437726e-05,0.0,0.0
Parabacteroides_merdae_ATCC_43184_zn2,0.001555168117102653,8.998476910815151e-05,1.4747670301478402e-06,1.582564235409234e-05
Bacteroides_vulgatus_ATCC_8482_zn2,0.000209591094524427,0.00011980789060274101,0.0,0.0008453028013434921
Alistipes_putredinis_DSM_17216_zn2,0.00020386527565207816,0.0007154946029340449,2.49471698175216e-05,7.0010127337095e-06
Bacteroides_sp_4_3_47FAA_zn2,0.0004893476344457897,0.0002666144594404447,1.685213998986276e-05,0.0019628016296814525
Burkholderiales_bacterium_1_1_47_zn2,0.00030666132929475055,0.00011839967794349048,0.0,0.00016493799337751738
Bacteroides_sp_20_3_zn2,0.00026798858898814725,0.00011527284918743748,1.4456119891635182e-05,3.1201375503804654e-05
Bacteroides_ovatus_ATCC_8483_zn2,0.00024286562215888503,4.54493254199193e-05,0.0010741835995649333,0.00052514499914731
Bacteroides_sp_2_1_33B_zn2,0.00022419402707632788,0.00014364733280190282,5.7996659616813717e-05,0.0
Bacteroides_caccae_ATCC_43185_nh4,0.0,-35.963421600000004,-0.3051452,0.0
Bacteroides_caccae_ATCC_43185_hdca,0.0,-35.952960559924996,-0.305056439364224,0.0
Bacteroides_caccae_ATCC_43185_pi,0.0,0.10430639965693828,0.0008850269459466937,0.0
Bacteroides_caccae_ATCC_43185_ala_L,0.0,-35.910616148430506,-0.304697152251388,0.0
Bacteroides_caccae_ATCC_43185_meoh,0.0,-1.0,-0.07076515642930022,0.0
Bacteroides_caccae_ATCC_43185_cspg_c_rest,0.0,-1.0,-0.2788588999999849,0.0
Bacteroides_caccae_ATCC_43185_fru,0.0,-35.963421600000004,-0.3051452,0.0
Bacteroides_caccae_ATCC_43185_nac,0.0,-27.7821983761188,-0.30467164623212833,0.0
Bacteroides_caccae_ATCC_43185_h2,0.0,-35.963421600000004,-0.3051452,0.0
Bacteroides_caccae_ATCC_43185_cspg_a_degr,0.0,-3.0,-0.3051452,0.0
Bacteroides_caccae_ATCC_43185_thymd,0.0,-35.96236544421616,-0.305136238648339,0.0
Bacteroides_caccae_ATCC_43185_cspg_ab_rest,0.0,-2.0,-0.3051452,0.0
Bacteroides_caccae_ATCC_43185_so4,0.0,-6.999297938351578,-0.3051452,0.0
Bacteroides_caccae_ATCC_43185_glc_D,0.0,-35.963421600000004,-0.3051452,0.0
Bacteroides_caccae_ATCC_43185_dad_2,0.0,-12.566967045152957,-0.3051452,0.0
Bacteroides_caccae_ATCC_43185_ser_L,0.0,-35.963421600000004,-0.3051452,0.0
Bacteroides_caccae_ATCC_43185_dcyt,0.0,-35.963421600000004,-0.3051452,0.0
Bacteroides_caccae_ATCC_43185_T_antigen,0.0,-3.0,-0.3051452,0.0
Bacteroides_caccae_ATCC_43185_cobalt2,0.0,0.0007020616484214393,5.9569065619687804e-06,0.0
Bacteroides_caccae_ATCC_43185_cl,0.0,0.0007020616484214393,5.9569065619687804e-06,0.0
Bacteroides_caccae_ATCC_43185_ca2,0.0,0.0007020616484214393,5.9569065619687804e-06,0.0
Bacteroides_caccae_ATCC_43185_ppa,0.0,-35.963421600000004,-0.3051452,0.0
Bacteroides_caccae_ATCC_43185_thr_L,0.0,-35.9412456551559,-0.30495703984105,0.0
Bacteroides_caccae_ATCC_43185_fe2,0.0,0.0007020616484214393,5.9569065619687804e-06,0.0
Bacteroides_caccae_ATCC_43185_strch2,0.0,-8.990855400000001,-0.0762863,0.0
Bacteroides_caccae_ATCC_43185_asn_L,0.0,-35.963421600000004,-0.3051452,0.0
Bacteroides_caccae_ATCC_43185_ha_deg1,0.0,-1.0,-0.3051452,0.0
Bacteroides_caccae_ATCC_43185_co2,0.0,-35.963421600000004,-0.3051452,0.0
Bacteroides_caccae_ATCC_43185_isoval,0.0,-5.977876314223558,-0.1525726,0.0
Bacteroides_caccae_ATCC_43185_Tn_antigen,0.0,-9.0,-0.3051452,0.0
Bacteroides_caccae_ATCC_43185_acgalidour2s,0.0,-1.0,-0.3051452,0.0
Bacteroides_caccae_ATCC_43185_acgam,0.0,-35.963421600000004,-0.3051452,0.0
Bacteroides_caccae_ATCC_43185_acgal,0.0,-17.0,-0.3051452,0.0
Bacteroides_caccae_ATCC_43185_gsn,0.0,-11.444303914026486,-0.3051452,0.0
Bacteroides_caccae_ATCC_43185_pro_L,0.0,-35.94405260021176,-0.30498085642391,0.0
Bacteroides_caccae_ATCC_43185_ppi,0.0,-6.939098175478844,-0.15211482925963,0.0
Bacteroides_caccae_ATCC_43185_glcur,0.0,-7.0,-0.3051452,0.0
Bacteroides_caccae_ATCC_43185_acgalidour,0.0,-1.0,-0.3051452,0.0
Bacteroides_caccae_ATCC_43185_gal,0.0,-5.0,-0.3051452,0.0
Bacteroides_caccae_ATCC_43185_h2o,0.0,-35.963421600000004,-0.3051451999999699,0.0
Bacteroides_caccae_ATCC_43185_lac_D,0.0,-35.963421600000004,-0.3051451999999699,0.0
Bacteroides_caccae_ATCC_43185_leu_L,0.0,-35.88557168915274,-0.30448465310099565,0.0
Bacteroides_caccae_ATCC_43185_core3,0.0,-1.0,-0.3051452,0.0
Bacteroides_caccae_ATCC_43185_cytd,0.0,-35.9339022840994,-0.30489473224266195,0.0
Bacteroides_caccae_ATCC_43185_succ,0.0,-35.96342159999995,-0.3051452,0.0
Bacteroides_caccae_ATCC_43185_mn2,0.0,0.0007020616484214393,5.9569065619687804e-06,0.0
Bacteroides_caccae_ATCC_43185_mg2,0.0,0.0007020616484214393,5.9569065619687804e-06,0.0
Bacteroides_caccae_ATCC_43185_isocapr,0.0,-11.955752628439807,-0.3051452,0.0
Bacteroides_caccae_ATCC_43185_ins,0.0,-13.861606783213825,-0.15443838550765962,0.0
Bacteroides_caccae_ATCC_43185_acnam,0.0,-3.0,-0.3051451999999699,0.0
Bacteroides_caccae_ATCC_43185_core2,0.0,-1.0,-0.3051452,0.0
Bacteroides_caccae_ATCC_43185_ac,0.0,-35.963421600000004,-0.3051452,0.0
Bacteroides_caccae_ATCC_43185_h2s,0.0,-35.962719468138395,-0.3051392424976878,0.0
Bacteroides_caccae_ATCC_43185_h,0.0,-35.963421600000004,-0.3051452,0.0
Bacteroides_caccae_ATCC_43185_idour,0.0,-1.0,-0.3051452,0.0
Bacteroides_caccae_ATCC_43185_4abut,0.0,-35.963421600000004,-0.3051452,0.0
Bacteroides_caccae_ATCC_43185_Ser_Thr,0.0,-9.0,-0.3051452,0.0
Bacteroides_caccae_ATCC_43185_k,0.0,0.0007020616484214393,5.9569065619687804e-06,0.0
Bacteroides_caccae_ATCC_43185_sT_antigen,0.0,-1.0,-0.3051452,0.0
Bacteroides_caccae_ATCC_43185_cu2,0.0,0.0007020616484214393,5.9569065619687804e-06,0.0
Bacteroides_caccae_ATCC_43185_ocdca,0.0,-35.952960559924996,-0.305056439364224,0.0
Bacteroides_caccae_ATCC_43185_met_L,0.0,-35.94929252468403,-0.30502531653726783,0.0
Bacteroides_caccae_ATCC_43185_zn2,0.0,0.0007020616484214393,5.9569065619687804e-06,0.0
Bacteroides_caccae_ATCC_43185_cspg_c_degr,0.0,-2.0,-0.3051452,0.0
Bacteroides_caccae_ATCC_43185_adn,0.0,-12.444554866541832,-0.3051452,0.0
Bacteroides_caccae_ATCC_43185_cspg_b_degr,0.0,-1.0,-0.3051452,0.0
Bacteroides_caccae_ATCC_43185_malt,0.0,-9.016207022222222,-0.08459795555555555,0.0
Bacteroides_caccae_ATCC_43185_cys_L,0.0,-35.954017273141865,-0.3050654054456356,0.0
Bacteroides_caccae_ATCC_43185_for,0.0,-35.963421600000004,-0.3051452,0.0
Bacteroides_caccae_ATCC_43185_acgalglcur,0.0,-5.0,-0.3051452,0.0
Bacteroides_caccae_ATCC_43185_core6,0.0,-1.0,-0.3051452,0.0
Bacteroides_caccae_ATCC_43185_ttdca,0.0,-20.170740309535226,-0.30501575740616005,0.0
Bacteroides_caccae_ATCC_43185_ha_pre1,0.0,-1.0,-0.3051452,0.0
Bacteroides_caccae_ATCC_43185_2obut,0.0,-35.963421600000004,-0.3051452,0.0
Bacteroides_caccae_ATCC_43185_lys_L,0.0,-35.93081734179455,-0.304868556887406,0.0
Bacteroides_caccae_ATCC_43185_uri,0.0,-35.96342159999995,-0.3051452,0.0
